date,recycle Aerosol Cans - Full,recycle Alkaline Batteries,recycle Aluminum Foil,recycle Antifreeze,recycle Asphalt,recycle Auto Parts,recycle Brick,recycle Brush,recycle CD Cases,recycle CDs,recycle Cables,recycle Car Batteries,recycle Carpet,recycle Cassette Tapes,recycle Cell Phones,recycle Chip Bags,recycle Christmas Trees,recycle Clothing,recycle Concrete,recycle Cooking Oil,recycle Cookware,recycle Corks,recycle Corrugated Cardboard,recycle Crayons,recycle DVDs,recycle Dirt,recycle Doors,recycle Envelopes,recycle Eyeglasses,recycle Fabric,recycle Fire Extinguishers,recycle Floppy Disks,recycle Fluorescent Tubes,recycle Gasoline,recycle Hair,recycle Halogen Bulbs,recycle Hard Drives,recycle Hardware,recycle Heaters,recycle Leaves,recycle Lithium Batteries,recycle Lumber,recycle Magazines,recycle Mattresses,recycle Microwaves,recycle Motor Oil,recycle Nail Polish,recycle Newspaper,recycle Office Paper,recycle Oil Filters,recycle Pallets,recycle Paper Cups,recycle Phone Books,recycle Pizza Boxes,recycle Printers,recycle Propane Tanks,recycle Refrigerators,recycle Sand,recycle Shoes,recycle Small Appliances,recycle Smoke Detectors,recycle Steel Cans,recycle Stone,recycle Tablets,recycle Tile,recycle Tires,recycle Toner Cartridges,recycle Tools,recycle Toothbrushes,recycle Toothpaste Tubes,recycle Toys,recycle Transmission Fluid,recycle Trophies,recycle Vehicles,recycle Water Filters,recycle Windows,recycle Wood,recycle Yard Waste
2015-01-25,45,58,0,23,0,52,38,0,22,34,24,0,22,22,46,15,5,8,43,0,0,31,31,31,0,0,25,30,30,24,0,0,26,0,38,27,0,89,53,49,0,24,36,65,0,31,0,19,46,46,14,0,39,49,65,29,30,0,30,50,100,0,59,0,30,41,37,29,57,0,0,0,24,0,33,68,8,23
2015-02-01,44,43,43,23,26,34,37,0,0,34,23,46,22,33,55,0,0,8,28,34,0,31,0,31,33,0,0,30,30,35,23,38,56,38,49,26,0,26,0,24,34,23,23,21,0,23,0,55,45,0,14,0,38,18,55,29,0,29,29,0,0,29,58,0,12,18,28,28,0,0,42,28,23,0,33,75,6,0
2015-02-08,29,57,29,23,26,26,56,22,0,50,0,0,22,22,65,0,0,13,34,46,0,0,0,30,0,0,0,30,59,46,23,0,19,0,41,26,0,26,0,24,0,47,23,0,0,45,0,27,45,0,14,0,0,18,42,29,29,0,29,82,0,0,0,0,12,32,18,28,28,0,28,0,23,44,33,64,7,22
2015-02-15,60,29,29,23,39,26,38,22,22,26,0,47,45,22,51,15,0,13,43,46,0,31,0,31,67,0,25,0,30,35,24,19,19,0,76,27,53,27,27,0,52,47,47,22,46,46,60,28,0,0,14,0,0,25,37,29,30,30,50,67,33,30,30,0,12,20,20,29,0,0,43,0,24,45,33,58,7,23
2015-02-22,0,38,0,45,26,51,37,0,0,25,46,0,44,0,65,15,0,10,28,34,0,31,0,30,33,24,24,59,40,47,0,0,31,38,37,26,0,26,26,0,25,0,23,32,23,68,0,27,45,0,14,0,38,18,30,0,0,29,59,33,49,0,29,46,0,32,28,28,28,0,56,0,0,0,33,61,8,23
2015-03-01,30,29,29,0,26,39,0,44,22,34,23,23,22,22,50,0,0,10,23,46,0,31,31,0,0,24,24,0,45,0,24,0,38,0,100,0,26,53,26,24,38,35,47,0,23,38,59,37,45,45,14,0,39,37,55,0,29,0,39,0,0,0,29,0,12,48,20,57,0,0,28,28,0,0,0,65,12,0
2015-03-08,0,30,30,47,79,53,0,0,23,35,0,24,45,0,67,15,0,7,17,0,31,0,0,32,34,25,25,31,31,36,48,19,29,39,25,0,41,27,0,25,26,0,24,22,70,23,0,19,46,0,14,14,39,19,47,30,0,30,25,0,68,30,30,0,25,62,41,29,0,0,29,0,0,46,34,66,13,23
2015-03-15,0,45,30,0,54,62,38,23,0,26,24,36,53,0,47,0,0,19,41,47,0,32,42,32,34,26,50,31,93,24,24,0,33,0,26,27,0,27,27,25,27,36,24,22,24,71,0,47,46,0,35,0,40,29,32,45,31,30,31,0,0,0,60,0,19,37,33,30,29,29,39,29,24,45,34,70,11,0
2015-03-22,33,83,33,39,30,44,43,100,0,77,27,27,50,0,63,17,0,12,29,26,35,0,35,0,38,28,42,68,0,27,0,22,22,0,0,0,61,45,0,28,29,27,81,24,26,52,0,63,52,0,16,0,44,21,31,66,34,67,34,38,0,0,33,53,27,69,28,32,0,0,0,0,27,51,38,78,14,26
2015-03-29,31,46,31,49,28,37,100,0,23,54,99,25,71,24,59,0,0,14,73,24,33,33,33,33,36,26,26,80,48,50,0,41,41,0,54,0,28,71,0,26,27,38,50,46,0,57,63,49,0,0,22,0,0,39,46,31,63,31,32,0,35,31,31,0,13,43,30,30,0,0,31,30,25,47,53,67,21,36
2015-04-05,31,30,46,24,27,27,39,0,0,36,0,25,39,23,53,0,0,16,36,24,33,0,0,0,0,25,25,31,94,33,24,20,70,60,53,0,28,42,28,25,54,25,62,23,24,32,63,29,47,0,14,0,40,0,29,91,62,31,36,58,0,0,31,0,25,51,46,30,30,30,30,0,37,0,0,60,10,48
2015-04-12,46,30,45,48,0,54,39,23,0,26,24,24,35,23,47,16,0,18,41,72,0,0,0,32,0,25,26,0,0,98,0,0,20,59,39,0,41,28,41,50,53,49,73,0,24,47,0,38,47,47,29,0,40,19,38,45,31,31,26,69,0,30,31,49,12,46,38,30,30,0,59,0,24,0,34,79,25,24
2015-04-19,0,60,50,36,27,80,39,23,46,26,24,0,46,23,62,16,0,18,29,24,0,32,0,48,34,51,25,31,41,24,0,0,59,79,52,27,27,37,27,25,53,24,49,0,0,24,0,57,47,0,21,0,40,32,76,30,30,31,56,34,0,30,91,0,19,100,31,29,0,30,89,0,24,0,34,68,19,55
2015-04-26,0,30,30,24,80,63,0,23,23,26,25,24,23,23,68,0,5,19,44,24,0,32,32,0,0,0,26,0,0,33,0,20,40,40,39,28,0,46,28,50,27,48,37,23,0,56,0,29,47,0,14,0,0,19,32,61,30,31,46,35,34,46,46,0,29,63,25,40,0,0,30,0,25,0,35,66,15,59
2015-05-03,0,46,31,25,0,55,80,23,23,18,0,25,47,24,40,0,0,13,30,25,0,66,0,33,35,35,26,32,64,33,0,0,20,41,44,0,38,38,28,0,28,0,25,23,37,98,0,20,0,97,22,0,41,39,33,31,0,31,16,0,0,0,31,100,0,52,21,30,30,0,30,0,38,0,35,64,15,49
2015-05-10,32,79,31,0,0,71,41,0,48,18,25,38,0,24,60,0,0,14,83,25,0,0,0,34,36,54,27,65,32,26,0,21,21,41,27,0,29,86,0,26,56,25,51,23,25,62,0,100,0,0,30,0,0,20,30,47,0,32,48,0,0,48,48,0,20,53,26,0,0,0,62,31,26,0,36,36,12,25
2015-05-17,0,32,32,0,48,57,41,0,24,37,39,52,41,37,61,17,0,19,44,0,0,34,34,0,37,27,41,66,33,52,0,21,73,84,28,0,29,39,58,0,57,0,52,0,25,38,0,41,0,0,0,15,43,41,34,64,65,65,33,36,37,0,32,52,0,84,47,0,31,31,31,0,44,0,0,59,11,37
2015-05-24,33,33,49,26,0,88,43,25,37,19,0,66,25,25,17,0,0,8,26,26,0,0,0,0,38,0,28,34,34,27,27,22,58,43,42,0,0,30,30,27,29,27,67,24,0,26,0,52,0,0,31,0,0,42,52,99,34,67,62,0,37,0,50,0,0,55,48,32,32,32,0,0,27,0,38,52,16,60
2015-05-31,33,54,32,0,29,58,56,0,24,38,26,52,0,61,67,0,0,8,38,38,51,34,0,0,37,0,27,50,33,52,26,0,42,56,28,0,0,69,0,27,0,26,65,24,25,34,0,31,100,0,15,0,0,20,48,97,33,65,44,37,37,0,33,0,13,63,36,32,0,0,63,0,26,49,37,82,12,42
2015-06-07,66,50,33,0,58,73,84,25,0,77,0,44,51,25,57,17,6,13,26,0,0,0,0,0,0,28,28,34,51,40,26,22,32,86,28,0,30,60,0,0,0,27,54,24,26,39,0,21,0,0,23,0,44,21,21,33,33,66,34,75,37,0,33,0,14,41,21,48,0,0,65,32,27,0,38,84,10,43
2015-06-14,100,54,33,26,29,68,0,37,25,48,26,26,25,0,68,17,0,11,38,52,0,35,0,0,37,55,28,0,34,26,0,21,54,0,56,0,0,60,0,27,0,27,0,36,39,26,100,62,0,0,31,31,43,21,48,33,33,33,45,0,0,0,33,52,0,36,41,32,0,0,32,0,27,0,37,85,14,51
2015-06-21,34,33,0,26,59,44,42,0,0,39,0,26,50,25,45,0,0,6,38,26,0,0,35,35,75,27,41,33,34,40,27,0,32,43,28,30,30,45,0,0,59,0,40,0,0,64,67,21,51,0,15,0,44,52,21,50,33,33,33,38,0,0,100,0,14,41,36,32,0,0,32,32,0,0,38,65,16,51
2015-06-28,0,51,34,54,30,30,0,26,26,59,0,27,26,52,53,0,0,6,46,27,0,0,0,0,38,57,29,35,0,55,27,0,89,0,29,0,61,51,31,0,45,27,27,50,27,27,69,21,0,0,16,0,45,43,21,45,52,34,64,0,0,0,69,55,14,75,14,100,33,0,33,0,28,0,39,68,18,0
2015-07-05,33,65,33,26,58,58,0,0,0,29,26,0,100,33,90,17,0,17,29,51,0,0,69,35,0,0,55,34,34,79,26,21,21,43,28,0,30,30,30,0,43,27,26,36,26,69,0,31,51,0,46,0,0,41,41,33,33,99,33,37,0,33,49,0,14,86,36,32,0,0,32,32,27,0,37,72,13,51
2015-07-12,33,33,33,26,29,73,42,25,0,28,52,52,86,25,39,0,0,11,32,26,0,34,35,0,74,27,27,33,34,26,0,21,49,0,37,0,29,45,0,0,28,0,26,24,0,43,0,41,0,0,23,15,0,41,34,32,33,33,55,0,37,33,0,0,14,27,31,32,0,32,42,32,0,0,36,52,16,38
2015-07-19,0,33,0,65,29,44,64,25,50,48,53,66,76,51,63,17,0,13,52,52,0,35,0,0,38,0,28,57,51,27,0,0,43,0,28,30,30,60,0,0,29,0,27,24,26,52,0,31,51,0,23,16,44,52,77,44,33,100,22,76,37,0,33,0,14,23,37,49,0,33,32,0,40,51,75,57,5,39
2015-07-26,0,32,0,0,0,58,42,0,25,66,0,52,25,24,78,0,0,8,47,26,69,0,0,34,73,0,27,0,34,26,26,21,53,42,42,0,0,0,39,27,43,26,52,24,26,50,0,20,0,0,15,15,43,27,48,32,65,33,33,37,37,32,33,0,0,72,20,63,0,0,0,32,26,0,37,95,22,25
2015-08-02,33,32,65,0,59,58,84,25,25,38,26,52,25,25,62,25,0,15,38,26,0,34,35,35,0,28,27,67,33,26,0,0,50,64,70,30,30,40,0,0,0,26,79,48,0,43,67,21,0,51,23,16,43,21,55,0,33,0,72,37,37,0,33,0,13,54,27,48,0,0,0,32,26,0,0,96,6,51
2015-08-09,33,97,0,26,29,29,0,25,49,38,0,52,49,0,56,0,6,14,19,26,0,51,0,34,73,0,0,33,33,26,0,63,84,0,28,0,44,73,30,27,29,39,78,24,25,26,65,0,50,0,0,0,43,61,34,64,0,33,61,37,73,0,65,0,13,40,40,32,0,0,63,32,39,49,0,100,9,38
2015-08-16,0,53,64,25,57,57,0,0,24,56,25,26,40,24,44,0,0,11,50,25,0,34,34,0,36,0,40,32,0,64,26,21,41,42,41,0,0,58,29,0,56,26,26,47,25,42,0,30,0,0,15,15,42,40,40,32,48,32,49,36,36,0,32,0,13,66,22,41,0,0,62,31,26,49,36,89,15,25
2015-08-23,0,32,32,50,28,56,80,24,24,64,50,25,36,24,60,0,0,16,18,25,0,50,34,100,53,0,27,0,33,50,25,20,20,41,41,0,29,42,28,0,0,25,25,69,49,37,64,40,49,0,29,15,0,20,53,31,53,0,37,36,0,0,0,49,13,30,35,31,0,0,41,0,25,0,36,90,15,25
2015-08-30,0,82,0,0,27,46,79,0,0,18,25,0,31,23,48,16,0,5,36,24,0,49,0,44,35,39,0,63,32,41,37,0,100,41,26,0,28,70,0,25,54,50,50,23,24,60,0,0,0,0,29,15,41,19,39,31,42,31,52,53,35,31,0,0,13,38,43,30,0,0,90,0,25,47,35,91,12,36
2015-09-06,32,47,47,37,0,37,40,0,47,37,0,100,24,0,54,0,0,7,36,24,0,0,33,50,36,79,0,32,53,37,0,0,30,41,27,0,28,57,28,26,46,0,25,23,37,24,0,0,0,0,29,0,41,29,26,31,47,0,32,0,35,0,62,0,13,39,39,61,30,0,30,30,0,0,36,97,15,24
2015-09-13,31,30,30,0,27,54,0,0,23,18,0,49,69,0,63,0,0,16,30,24,0,32,32,0,0,0,51,31,31,57,0,0,30,40,26,0,0,28,0,0,27,24,37,45,24,24,61,0,47,0,14,14,40,38,51,30,92,31,26,0,34,30,30,0,25,38,42,0,0,0,44,29,0,0,34,76,7,35
2015-09-20,0,50,45,35,40,80,39,45,23,52,48,32,38,23,77,16,0,10,29,23,0,48,0,0,34,25,0,0,31,36,24,39,19,39,38,27,27,45,0,25,26,0,24,44,23,47,91,28,0,0,21,14,0,31,38,60,30,30,30,34,34,0,30,0,49,41,29,29,0,0,58,58,0,0,34,75,10,58
2015-09-27,30,59,30,0,26,66,38,0,23,26,24,36,45,0,77,0,0,10,17,47,0,31,31,63,0,0,100,31,0,0,0,0,29,39,26,0,0,67,27,25,39,24,48,0,23,55,61,19,92,46,14,14,40,19,28,30,30,0,30,0,34,0,30,0,25,45,41,29,29,0,29,0,48,0,45,95,7,0
2015-10-04,60,30,30,0,53,67,38,0,0,26,0,48,23,23,67,15,5,17,41,35,32,0,0,0,34,0,50,31,0,56,0,19,19,0,26,27,36,41,27,0,26,48,24,44,24,47,60,56,47,0,28,14,59,37,31,45,30,30,41,45,0,30,89,0,12,37,49,29,29,0,44,0,24,0,0,76,14,23
2015-10-11,45,45,30,24,40,40,38,23,22,17,24,40,53,0,78,15,5,16,23,24,32,0,0,32,0,0,50,31,31,24,24,20,39,39,51,0,27,27,0,0,26,48,48,22,0,55,61,57,46,46,0,0,0,38,31,0,0,40,31,0,34,30,0,0,12,54,37,29,0,29,49,29,24,0,34,73,11,35
2015-10-18,30,29,29,23,26,52,37,0,44,17,0,23,33,22,40,0,0,12,23,23,0,62,0,0,0,49,0,30,40,31,0,0,19,0,0,0,0,53,26,24,0,0,59,21,23,23,0,37,45,0,14,14,0,28,64,43,59,30,25,0,0,0,58,0,12,40,20,57,0,0,28,29,24,44,33,84,8,22
2015-10-25,29,68,29,46,26,35,0,22,22,42,23,47,37,22,30,15,0,8,28,46,0,62,31,0,0,24,24,30,30,23,23,19,38,38,50,26,26,26,26,36,77,0,71,21,23,23,59,28,0,0,14,0,38,37,49,29,59,0,30,33,66,29,29,0,18,28,20,29,0,0,29,0,36,0,33,86,7,23
2015-11-01,59,39,29,46,26,39,0,0,22,17,0,47,44,44,80,15,5,18,40,23,31,31,0,31,66,0,0,0,30,35,0,0,19,38,37,0,0,39,26,72,26,23,58,0,23,46,0,0,0,0,14,0,0,27,49,0,44,59,39,0,33,29,29,46,0,48,28,28,0,0,28,0,24,44,33,84,10,22
2015-11-08,59,39,0,46,26,65,0,22,22,51,0,39,44,22,76,0,5,13,46,23,0,31,31,0,100,0,0,0,45,55,0,0,45,38,50,27,40,36,27,24,26,0,47,0,0,38,59,19,0,0,14,14,78,37,56,29,30,30,45,0,0,30,44,0,0,36,41,29,0,0,29,0,0,45,33,59,6,23
2015-11-15,29,87,29,23,26,51,37,0,22,17,23,46,44,22,25,0,5,13,34,23,30,31,0,0,66,24,24,30,45,23,23,0,19,38,25,26,26,79,0,72,25,24,24,21,23,23,59,37,45,45,14,0,58,18,49,43,0,29,49,33,33,0,39,0,0,52,32,38,0,0,38,0,23,0,33,71,3,23
2015-11-22,32,47,31,100,28,84,82,0,0,18,0,25,48,24,66,0,8,8,28,100,34,34,0,34,0,27,27,0,33,60,26,21,31,83,54,0,29,29,43,26,56,26,64,23,25,25,64,20,49,49,15,0,42,20,33,47,0,32,54,0,72,0,32,51,13,53,13,31,0,0,62,0,26,0,54,53,8,49
2015-11-29,0,37,47,78,50,25,0,21,21,0,0,23,21,21,48,14,8,15,16,67,29,30,29,0,32,23,24,29,39,56,0,0,37,0,24,0,0,25,38,35,0,0,23,0,45,33,57,0,44,0,26,0,37,24,53,28,0,0,43,32,0,0,0,67,0,23,12,55,0,0,27,27,23,0,32,75,8,33
2015-12-06,29,76,28,45,0,51,0,22,43,33,23,34,0,0,44,15,12,5,33,68,0,45,30,30,32,0,24,44,44,31,0,19,55,0,24,0,0,52,26,23,0,0,34,42,0,22,0,36,44,0,13,0,38,18,54,47,43,0,14,0,0,0,29,45,12,35,28,56,0,0,74,0,35,44,33,71,10,0
2015-12-13,30,39,29,46,26,52,75,0,22,34,35,71,45,23,20,0,10,12,34,23,31,31,31,31,0,25,24,30,0,24,0,19,26,0,38,0,0,44,0,24,26,0,47,0,23,35,0,19,46,0,28,14,39,37,31,29,30,0,25,33,0,0,44,0,12,16,30,28,29,0,48,0,24,0,33,79,6,23
2015-12-20,0,68,34,0,45,61,44,0,0,60,36,36,52,26,44,0,26,12,50,54,0,36,0,36,78,57,0,0,35,0,0,0,22,44,29,31,0,52,0,0,30,0,27,25,0,27,0,21,0,0,32,0,0,21,54,34,0,0,29,39,39,0,0,0,0,42,28,33,0,0,56,0,28,52,0,80,11,27
2015-12-27,0,42,31,25,0,28,81,0,48,18,38,25,0,48,76,16,99,15,73,50,0,33,34,33,0,0,26,49,32,51,0,0,41,0,67,29,0,100,57,0,42,0,25,23,49,33,0,20,0,0,15,0,62,20,26,31,32,32,53,71,35,0,31,0,13,35,0,46,0,0,62,0,0,0,36,83,8,24
2016-01-03,0,62,0,20,44,44,0,19,37,29,20,30,75,19,68,13,81,11,29,39,0,52,26,26,84,21,21,25,51,30,0,0,21,32,42,0,0,30,22,0,65,30,50,72,26,39,50,31,38,0,23,0,44,31,42,25,38,25,50,47,0,25,25,0,10,24,15,24,0,0,36,0,30,0,28,68,7,29
2016-01-10,0,59,0,19,32,63,0,0,18,21,19,19,30,36,37,0,28,12,0,38,25,0,0,0,27,20,30,0,74,29,19,16,47,31,41,22,22,0,0,0,21,0,0,35,28,19,48,22,74,37,22,0,32,22,50,32,24,24,49,0,27,0,24,38,20,13,23,23,0,0,35,0,29,0,0,67,14,37
2016-01-17,0,65,24,38,33,43,31,0,18,14,0,39,31,37,29,13,8,11,28,38,0,26,26,52,28,0,21,25,25,39,0,32,24,32,21,22,22,29,0,20,0,30,30,18,0,48,99,31,38,0,12,12,32,26,26,24,50,0,25,28,28,25,0,0,20,24,27,40,24,24,24,0,40,0,0,57,13,19
2016-01-24,0,48,24,29,43,36,62,18,0,14,19,39,55,18,54,25,4,8,24,29,26,51,0,38,0,0,30,25,37,39,0,0,31,0,41,0,22,22,22,0,21,20,0,18,19,38,0,15,37,0,23,11,64,25,31,24,24,24,49,27,27,0,24,39,0,30,30,24,0,0,24,0,20,37,27,84,7,37
2016-01-31,24,47,24,0,21,49,31,18,0,28,19,38,54,18,49,12,4,8,37,56,25,0,25,0,0,0,0,0,41,25,19,15,16,31,0,22,0,32,0,0,42,19,38,35,38,19,48,0,0,0,23,0,62,45,22,24,24,24,32,27,0,0,48,0,10,30,10,0,23,23,62,0,0,0,27,52,12,18
2016-02-07,0,23,59,28,0,35,30,0,0,55,19,51,18,18,24,0,4,6,35,37,0,75,25,0,27,0,50,72,24,19,0,16,21,0,51,0,21,22,32,19,42,0,38,17,19,19,97,22,37,0,11,11,31,37,45,23,0,48,32,0,27,24,48,0,0,29,20,0,23,23,23,23,19,36,36,56,9,18
2016-02-14,48,24,59,56,21,49,62,18,18,14,0,38,24,27,53,0,4,10,32,0,0,25,25,25,55,20,47,0,0,32,19,0,15,31,27,0,21,22,0,0,0,0,38,23,19,44,0,15,0,0,17,11,0,25,30,48,24,24,36,27,0,24,47,0,0,49,33,35,23,0,23,23,0,0,0,59,7,28
2016-02-21,24,55,24,0,21,31,30,18,36,28,19,19,42,18,41,12,0,15,41,0,0,25,0,50,0,20,20,24,24,38,0,0,15,31,20,21,0,21,43,19,21,38,48,35,37,37,0,30,0,0,17,0,0,30,35,35,24,36,32,27,27,0,48,38,10,39,33,0,0,0,46,23,26,0,27,59,7,18
2016-02-28,0,47,23,18,0,49,45,18,0,34,38,31,36,18,36,12,0,12,27,18,0,0,0,25,0,0,29,24,24,57,19,0,0,31,27,0,0,42,0,0,21,19,19,34,0,37,47,29,73,0,22,0,31,29,29,0,36,0,24,27,26,0,35,37,19,36,29,45,0,0,23,0,19,36,53,48,12,18
2016-03-06,24,47,35,19,0,53,30,0,0,28,19,38,45,0,45,0,0,17,37,37,0,0,25,25,0,0,20,0,32,32,0,0,61,0,47,0,21,22,21,39,21,38,57,17,19,25,0,30,37,0,22,11,31,20,55,47,24,48,48,54,27,0,24,38,10,59,10,35,0,0,23,23,19,36,54,53,3,37
2016-03-13,0,60,0,28,43,43,0,36,18,28,0,29,24,37,45,25,0,7,23,0,25,51,0,26,27,0,20,62,25,77,0,16,16,47,48,22,22,44,22,30,21,39,39,18,19,56,49,45,0,0,51,0,32,53,45,24,24,24,37,27,0,24,24,39,0,46,26,70,0,0,35,0,0,36,0,47,2,28
2016-03-20,25,37,24,39,22,36,47,0,0,100,40,39,50,19,25,0,4,13,21,59,39,26,0,26,0,20,0,25,25,33,0,16,40,32,21,0,0,22,22,40,22,0,0,18,19,57,100,31,38,0,23,11,48,31,72,24,25,0,58,0,0,25,49,40,0,56,20,36,0,0,24,0,20,0,28,59,13,29
2016-03-27,0,0,24,19,22,43,31,18,0,36,20,33,46,19,29,13,4,13,100,19,26,26,0,0,0,41,21,50,38,29,20,32,24,32,21,0,0,30,0,40,22,20,39,45,19,19,0,23,38,38,29,12,32,21,23,37,25,25,41,28,28,25,33,0,20,47,24,24,0,24,72,24,20,0,28,54,11,32
2016-04-03,0,36,36,28,32,42,31,0,0,28,38,19,42,0,29,18,0,11,28,19,0,25,0,25,27,30,0,37,37,32,19,0,36,42,20,0,0,22,22,0,21,19,19,18,0,25,48,23,0,37,28,11,0,20,15,59,0,36,57,41,0,24,36,77,20,40,26,23,0,23,31,0,19,0,0,62,3,28
2016-04-10,24,48,24,38,32,0,31,0,18,42,39,39,25,74,50,0,0,21,28,57,26,0,0,26,0,20,61,25,25,45,19,0,21,0,41,0,0,37,22,30,32,0,49,18,19,38,49,46,37,38,11,0,32,15,25,24,25,24,33,0,27,24,36,0,15,27,33,39,0,23,31,24,0,0,41,51,7,28
2016-04-17,24,72,48,38,21,54,31,0,36,42,29,19,18,18,37,19,0,18,19,57,38,0,0,26,28,30,20,25,0,19,0,16,37,74,31,22,0,36,22,20,32,0,49,35,0,66,49,31,37,38,23,11,0,20,15,64,33,49,37,0,27,24,32,0,10,60,20,35,0,23,35,47,20,0,0,46,18,44
2016-04-24,24,59,24,37,21,49,30,18,45,21,19,19,18,18,49,25,0,15,74,0,25,0,0,25,0,40,20,24,36,29,0,0,31,31,47,21,22,43,0,20,42,19,19,0,19,68,48,30,37,0,33,11,0,15,70,24,24,24,56,27,53,24,24,0,10,62,25,23,23,0,46,23,19,0,27,72,17,28
2016-05-01,24,35,36,37,21,28,31,18,18,21,19,29,36,0,66,12,0,11,37,56,0,0,0,51,27,30,20,24,24,29,0,0,31,41,41,0,43,33,0,0,42,19,58,18,37,69,48,15,37,0,17,0,0,15,60,32,36,48,36,0,27,24,36,0,10,46,30,35,0,23,23,46,0,0,0,54,8,37
2016-05-08,25,36,48,38,22,43,31,19,28,14,20,39,0,0,34,19,0,13,47,38,0,0,0,0,28,20,21,25,33,20,19,32,32,95,42,0,44,22,22,0,22,0,59,18,0,86,0,61,0,0,23,11,0,38,54,24,25,25,33,28,0,24,24,39,0,57,34,24,0,0,24,24,33,37,55,56,14,38
2016-05-15,25,25,0,0,22,36,31,19,0,36,20,20,50,19,42,13,0,9,62,77,0,26,0,52,55,20,21,25,25,40,20,16,32,32,35,0,22,56,22,0,22,30,20,18,19,48,50,15,38,0,12,0,33,31,36,37,25,25,29,28,28,25,33,0,0,51,31,36,24,24,48,36,20,0,28,61,11,32
2016-05-22,50,62,25,39,33,44,32,19,19,22,20,47,31,0,51,26,0,7,29,20,0,0,26,52,56,42,21,26,51,20,0,16,27,49,64,23,0,23,23,0,33,40,100,18,0,29,50,31,0,0,12,12,0,31,47,25,38,38,25,28,0,0,25,40,0,45,21,24,24,0,24,24,40,0,28,57,5,29
2016-05-29,0,25,51,30,46,30,98,19,19,22,0,41,19,0,31,13,4,6,30,20,0,0,27,54,29,22,22,26,0,62,41,17,44,50,29,23,23,23,23,21,22,21,41,19,20,33,52,16,0,40,0,12,34,32,43,42,51,26,39,0,58,26,0,0,11,35,39,25,0,0,25,0,42,0,29,64,10,40
2016-06-05,25,25,0,29,22,44,32,19,19,29,20,20,19,19,43,13,0,14,34,29,0,0,0,26,28,42,21,26,0,70,0,16,49,0,21,23,0,38,0,0,44,20,30,31,29,46,0,32,39,39,12,0,66,37,42,50,25,50,47,28,28,50,25,40,0,52,52,24,0,0,24,0,40,0,28,42,14,26
2016-06-12,0,50,50,20,45,45,49,29,38,29,20,30,51,0,35,13,0,13,44,20,27,27,27,0,28,21,21,26,77,34,0,16,33,33,43,0,23,68,23,0,33,20,20,28,30,72,51,32,78,39,18,12,33,16,48,50,25,25,34,28,29,0,25,0,14,24,35,24,0,0,74,0,20,38,28,58,17,33
2016-06-19,26,63,25,40,68,34,49,38,19,44,0,20,39,0,53,13,0,9,25,50,27,27,27,27,29,0,21,0,26,55,0,0,22,33,22,0,46,69,0,0,30,31,51,19,40,40,52,16,39,40,12,12,0,16,56,38,26,34,35,29,43,26,76,40,11,42,25,33,25,0,25,0,21,39,0,56,6,40
2016-06-26,26,42,34,60,23,38,33,19,19,30,27,27,48,39,39,13,0,11,59,30,27,54,0,0,29,21,32,78,52,20,0,0,33,33,86,0,0,46,0,0,22,0,41,25,0,40,52,32,39,0,18,0,100,16,64,50,26,38,26,29,29,0,51,40,53,49,28,25,25,0,50,25,21,0,0,57,11,39
2016-07-03,0,26,26,63,48,59,34,0,40,54,32,21,61,20,64,0,0,9,26,0,0,0,0,0,30,37,22,0,41,21,0,17,52,35,45,48,0,48,0,0,47,0,53,39,21,42,0,17,41,41,25,0,35,22,34,79,94,0,54,0,30,54,27,0,11,33,26,52,0,26,26,0,22,0,30,54,14,41
2016-07-10,26,34,39,20,23,61,33,19,39,15,21,31,46,0,31,13,0,9,30,41,0,0,27,27,29,0,22,27,27,42,0,17,39,34,74,0,23,47,23,0,0,42,42,38,41,41,0,33,0,0,18,0,0,16,73,39,26,26,39,29,29,26,39,0,11,32,18,25,0,0,25,0,42,0,29,55,7,0
2016-07-17,26,43,26,31,23,31,33,0,0,23,0,31,49,20,36,13,0,6,38,41,0,27,0,27,0,22,51,27,27,63,21,0,34,0,59,23,23,47,0,21,23,21,31,28,20,61,52,0,0,0,30,12,68,33,43,26,26,52,44,0,0,0,65,0,11,29,18,0,0,0,0,25,21,0,0,51,10,20
2016-07-24,26,0,51,40,22,68,33,0,19,88,20,30,32,19,40,0,0,10,30,20,27,27,0,27,29,0,0,0,26,21,0,0,28,0,22,0,23,23,0,43,30,20,42,19,20,59,0,48,39,0,0,0,0,0,32,25,39,0,30,28,0,26,26,40,10,56,21,25,0,0,38,25,0,0,58,56,10,26
2016-07-31,26,43,26,31,47,58,50,40,20,30,41,62,20,0,54,14,0,8,30,0,28,56,0,28,0,22,22,27,27,42,0,0,28,51,44,0,47,47,0,0,34,0,42,32,20,41,53,16,40,0,24,0,34,33,27,26,40,0,60,0,0,26,39,41,0,29,32,25,25,0,38,0,21,39,29,74,10,20
2016-08-07,27,27,0,32,24,24,0,0,0,39,22,29,51,20,18,0,0,9,15,0,0,0,0,28,30,23,68,28,27,22,0,17,17,35,23,0,0,40,0,0,31,21,32,20,0,32,0,17,83,0,0,13,0,17,28,67,41,0,41,31,30,27,27,0,22,41,33,26,0,0,39,26,22,0,30,62,9,21
2016-08-14,28,55,27,65,0,37,35,0,31,16,22,37,21,42,38,0,0,13,37,43,0,29,0,0,0,0,23,0,28,22,0,0,18,36,31,0,50,25,0,0,48,0,78,20,21,29,56,52,0,43,13,0,36,43,40,45,28,0,33,31,31,0,28,0,0,38,11,54,0,27,40,27,22,0,31,53,7,21
2016-08-21,0,26,0,20,35,23,34,0,0,23,21,42,20,20,45,13,0,16,60,0,0,28,27,27,0,43,0,27,54,31,0,17,34,0,22,0,24,24,47,0,23,21,42,19,0,41,52,16,0,0,18,0,0,25,16,43,0,26,31,29,0,0,39,41,11,47,22,25,0,0,0,38,42,40,59,60,16,60
2016-08-28,0,62,0,39,44,77,32,19,18,36,0,26,28,0,34,13,0,11,34,0,0,27,0,26,42,0,21,25,25,33,0,0,27,32,42,23,0,45,22,20,22,20,40,0,19,32,50,31,38,38,17,12,66,16,62,49,0,37,69,0,28,0,25,39,0,38,31,48,0,0,36,0,20,0,56,66,15,45
2016-09-04,38,74,25,29,33,44,32,56,0,43,26,53,38,0,30,13,0,10,29,20,26,40,26,26,0,21,21,38,25,50,0,0,40,32,35,23,23,45,0,21,22,20,30,18,19,39,76,16,0,0,18,0,0,16,55,41,25,25,55,28,28,50,25,0,21,38,20,0,0,0,24,24,30,0,56,47,12,39
2016-09-11,49,24,24,38,0,57,62,18,18,56,39,32,46,0,25,0,0,11,28,38,0,0,38,51,55,0,20,33,25,19,0,31,31,32,52,44,22,22,0,0,21,19,49,36,28,38,49,23,0,0,28,23,64,53,15,72,37,24,45,0,27,0,24,0,15,40,45,0,0,0,35,0,0,0,27,56,6,25
2016-09-18,24,0,0,57,22,43,0,0,18,14,26,29,43,18,54,0,0,11,42,0,0,38,0,26,27,20,20,25,0,19,0,16,31,31,21,22,0,29,0,0,28,0,29,18,19,38,0,15,0,0,17,0,32,45,15,24,0,49,31,27,0,0,0,77,15,40,10,23,0,24,47,0,19,0,27,61,13,25
2016-09-25,0,40,24,19,21,36,31,18,18,28,19,39,27,0,46,12,4,21,35,38,0,26,0,38,27,20,20,25,25,19,19,16,31,32,41,44,0,33,22,20,21,0,39,27,19,38,49,15,37,0,11,11,32,30,38,24,0,24,16,27,27,0,24,0,10,37,23,35,23,0,0,0,19,37,41,45,9,19
2016-10-02,24,36,48,19,21,21,31,54,0,28,19,38,36,18,33,12,0,12,23,19,0,25,0,50,0,20,20,24,24,38,0,0,21,31,27,22,0,22,0,0,21,0,19,0,37,19,0,23,73,37,17,23,31,15,20,47,24,0,28,27,27,0,32,38,20,43,20,70,0,0,0,0,19,0,0,51,9,43
2016-10-09,50,57,24,39,0,22,0,19,18,0,0,29,28,19,59,13,4,13,38,19,0,39,0,26,0,0,21,25,25,59,0,0,48,0,21,22,0,37,22,30,32,20,20,0,38,45,0,46,38,0,23,0,0,26,15,37,25,25,29,41,0,24,24,39,10,40,10,36,0,0,24,0,20,37,0,55,6,19
2016-10-16,24,48,24,38,32,43,31,19,19,35,39,29,19,0,59,12,0,10,38,0,0,26,0,26,27,20,20,0,25,52,0,0,26,42,62,0,0,59,22,20,43,19,20,18,19,19,0,0,38,0,0,11,0,31,41,36,0,0,62,0,0,0,37,39,10,40,20,24,0,0,24,0,20,37,0,47,11,38
2016-10-23,24,36,48,19,21,28,61,18,0,42,19,48,36,18,37,0,4,14,42,28,25,25,0,0,27,20,20,0,49,19,0,16,26,31,31,22,22,22,22,40,21,19,19,18,19,19,0,23,0,37,17,0,32,23,40,36,24,24,41,0,54,0,24,0,10,56,23,23,23,0,23,0,19,0,0,49,11,56
2016-10-30,24,31,23,75,21,53,31,0,18,28,38,19,42,36,61,12,4,4,23,65,25,0,0,0,0,0,20,24,24,19,0,15,26,31,40,0,21,21,0,20,42,0,38,26,0,25,0,45,0,0,22,22,31,22,45,31,0,24,28,27,27,0,0,0,0,39,29,23,0,23,39,0,29,36,27,52,11,37
2016-11-06,0,45,23,18,40,20,44,17,17,26,36,54,17,0,41,0,4,14,31,36,0,24,0,0,26,19,19,23,0,46,0,0,34,30,19,0,27,51,21,84,50,18,18,17,18,35,0,28,70,35,21,0,30,29,19,34,23,0,35,64,0,23,23,36,9,28,31,55,22,0,33,0,18,0,51,53,13,23
2016-11-13,0,35,23,19,42,56,30,0,18,20,19,19,18,0,28,12,0,7,32,0,0,0,0,25,0,39,20,24,24,28,0,15,36,46,20,0,0,21,0,19,21,0,38,35,0,18,48,22,73,37,11,0,0,25,0,35,36,0,40,0,27,0,24,38,15,49,32,23,0,23,23,23,19,0,27,50,7,18
2016-11-20,37,37,24,20,22,66,31,0,19,57,0,33,19,0,59,0,9,16,29,87,0,26,0,0,56,31,21,0,38,39,20,0,53,48,21,0,44,52,0,30,22,20,39,36,0,29,0,23,0,38,12,12,32,15,41,49,37,25,21,28,55,25,25,0,0,34,0,24,0,0,40,0,20,0,0,40,9,38
2016-11-27,22,22,44,53,20,26,28,33,0,39,27,47,34,17,38,0,4,14,22,52,0,23,0,23,0,19,56,23,0,53,18,0,43,0,38,0,0,40,20,0,19,0,54,22,17,17,45,28,0,0,10,0,0,14,35,22,22,22,71,25,0,22,22,35,9,27,37,22,22,22,54,22,30,34,25,37,8,17
2016-12-04,22,58,22,17,19,52,0,0,33,19,17,35,22,0,38,11,4,11,32,43,23,46,23,23,0,19,28,45,0,26,0,0,19,58,25,40,20,30,0,18,29,27,35,24,17,34,44,28,34,0,21,10,0,48,27,22,0,22,41,25,25,22,22,0,9,27,18,21,28,0,43,21,18,0,25,47,7,51
2016-12-11,23,34,45,0,30,33,38,0,0,39,0,36,34,17,19,0,8,7,39,88,0,40,24,24,0,19,19,23,0,18,0,15,39,29,39,0,20,34,40,37,20,18,18,17,62,26,46,35,69,69,11,0,30,19,28,23,23,0,27,50,25,0,23,0,9,28,28,44,22,0,36,0,18,0,51,48,6,17
2016-12-18,25,24,24,0,0,43,0,18,37,28,20,26,18,18,33,0,10,6,14,29,26,0,0,26,27,0,20,33,25,39,0,16,21,0,0,0,29,22,0,0,21,20,0,27,57,19,0,15,0,0,23,11,0,25,36,0,25,0,37,28,28,24,37,39,0,27,23,24,0,0,24,0,40,0,27,48,8,19
2016-12-25,25,50,37,20,0,81,64,0,0,29,20,20,25,19,43,0,46,11,24,59,26,26,0,26,28,0,0,26,0,47,0,0,33,65,32,23,23,0,23,21,22,20,20,18,20,46,51,16,39,0,12,24,33,21,47,25,25,25,57,47,28,25,25,0,15,28,16,24,24,0,57,0,30,0,28,54,11,19
2017-01-01,0,70,31,18,21,72,60,0,17,34,37,38,36,0,60,12,62,23,23,55,25,37,0,25,0,20,20,24,48,66,0,0,15,31,40,0,21,63,0,39,20,0,19,17,18,18,0,29,0,36,22,11,0,22,54,58,24,24,28,27,53,24,23,37,0,42,26,23,23,0,53,0,0,0,40,59,9,36
2017-01-08,23,30,22,0,0,50,29,0,17,59,18,45,40,17,38,12,31,14,30,35,0,24,24,24,25,0,19,23,23,72,0,0,44,29,57,20,20,61,20,18,39,0,36,0,35,41,0,42,52,35,21,11,30,33,49,22,0,45,64,25,51,0,67,0,14,28,46,44,0,0,22,22,18,68,0,51,9,17
2017-01-15,45,22,22,35,40,66,29,0,34,20,54,27,17,17,39,17,12,13,46,53,24,47,0,24,25,19,19,23,23,54,0,15,63,0,76,30,0,20,20,37,30,18,18,49,0,61,0,28,35,35,16,0,0,14,33,22,34,45,40,0,63,0,0,0,9,51,40,22,22,0,22,0,18,34,25,45,12,26
2017-01-22,33,29,0,34,19,45,28,33,0,38,53,47,17,17,57,0,8,11,30,34,0,23,35,23,0,19,18,34,45,23,18,14,36,29,37,20,20,50,0,0,19,35,0,16,17,17,44,35,34,34,21,0,0,21,28,66,33,22,63,25,25,22,0,35,9,23,42,21,21,21,21,0,36,33,0,65,6,43
2017-01-29,22,36,29,17,19,32,0,0,0,38,17,17,17,17,49,17,0,10,0,17,0,23,0,23,49,18,0,22,34,35,18,28,28,28,46,20,0,26,0,18,29,18,61,0,17,69,44,14,34,34,21,15,0,62,41,22,0,22,41,25,25,22,44,35,18,33,30,21,0,0,21,21,18,33,49,45,13,17
2017-02-05,22,42,21,17,38,32,28,16,16,44,0,26,16,0,30,11,0,11,29,0,22,46,0,0,24,36,18,22,44,60,35,14,37,28,55,19,19,29,0,18,19,17,52,31,0,17,43,27,0,33,20,0,0,27,32,54,33,22,51,36,49,0,22,35,9,47,24,28,0,0,31,0,17,0,48,51,14,16
2017-02-12,22,43,21,34,38,48,37,32,16,31,35,46,33,16,59,0,0,8,17,0,0,46,0,0,0,0,18,22,30,29,17,14,21,28,37,0,20,26,0,18,32,17,52,16,0,42,0,27,0,50,15,10,28,20,34,32,22,44,26,49,37,0,22,69,18,36,18,32,0,0,21,21,0,0,25,64,20,25
2017-02-19,22,36,43,34,19,65,56,16,41,25,17,52,33,0,34,11,4,8,57,17,0,23,0,23,0,18,18,22,30,47,18,14,52,28,43,20,20,30,0,18,48,17,0,24,0,85,44,27,34,0,20,10,29,21,37,22,66,0,26,25,25,0,22,52,9,48,12,64,21,21,21,0,18,33,41,52,10,28
2017-02-26,28,28,41,16,18,37,27,16,16,30,17,42,39,32,29,11,0,12,24,16,0,22,0,22,24,0,23,0,21,67,17,13,32,0,18,0,28,37,0,17,55,25,33,25,16,32,42,26,0,32,20,10,55,17,61,20,42,28,25,23,23,0,0,33,14,46,37,40,0,0,40,0,17,0,58,53,7,16
2017-03-05,35,49,31,16,19,19,54,0,32,36,0,17,32,16,54,11,0,9,33,33,0,22,0,22,24,18,26,22,22,22,0,27,36,41,36,0,0,19,0,0,46,0,34,15,0,60,43,20,32,33,15,10,28,13,26,42,21,28,36,24,24,0,21,0,9,49,17,34,0,0,34,20,23,0,36,54,9,38
2017-03-12,0,32,0,17,29,57,27,0,16,31,17,26,49,0,52,11,4,13,29,17,23,23,23,23,0,27,27,33,44,35,0,0,56,56,28,0,20,0,20,0,19,17,17,47,0,42,44,27,0,0,15,10,28,14,20,21,66,22,37,0,0,0,22,35,13,36,18,21,21,0,42,21,26,0,24,53,11,17
2017-03-19,22,43,43,52,19,52,28,17,17,19,18,35,33,22,49,11,0,15,26,34,0,23,0,23,25,18,18,45,22,35,17,0,24,0,28,20,0,20,0,0,29,0,26,24,26,52,44,27,34,34,10,0,0,32,41,44,33,33,30,66,49,22,0,70,0,81,24,21,0,0,36,0,18,33,25,56,7,28
2017-03-26,22,51,87,68,19,39,28,16,16,13,17,26,39,25,30,11,0,10,30,17,0,0,23,46,0,37,36,33,44,26,17,14,47,56,19,0,20,26,20,18,19,0,26,0,0,43,89,27,34,34,20,0,0,27,64,22,33,22,52,24,49,0,44,35,9,39,21,53,0,0,28,21,29,0,0,69,18,28
2017-04-02,22,21,43,51,19,58,28,16,0,13,17,35,38,16,37,17,0,13,31,34,0,46,23,23,0,30,0,22,0,17,0,0,28,28,19,20,20,79,20,18,19,17,69,0,17,57,44,27,0,50,15,10,0,14,23,0,66,36,44,37,49,33,22,0,9,45,33,53,21,0,32,32,23,0,24,51,17,17
2017-04-09,0,45,22,53,20,33,44,34,17,20,27,36,17,17,46,0,0,8,35,35,0,36,0,0,39,19,0,35,39,18,0,0,34,59,51,20,21,27,0,37,20,18,18,25,27,71,46,43,35,70,11,0,30,14,24,0,23,23,34,25,0,23,45,72,19,81,19,22,22,0,44,22,18,0,25,51,8,41
2017-04-16,22,44,55,17,20,29,38,33,25,39,18,35,34,17,53,11,0,14,39,35,0,23,0,23,25,19,37,34,23,0,18,0,43,29,63,20,0,40,60,18,29,45,53,16,35,58,0,35,68,34,26,0,29,14,42,44,22,22,53,25,25,22,44,0,9,40,15,36,0,0,43,22,18,34,25,43,16,43
2017-04-23,22,0,43,51,19,71,55,0,16,25,0,23,33,17,15,11,0,11,34,34,0,23,0,0,37,18,36,0,33,18,17,0,28,0,37,19,20,39,19,18,26,0,35,32,0,57,0,34,34,0,21,10,29,14,27,43,0,43,37,37,25,22,66,0,9,36,15,32,0,21,32,21,18,0,25,62,15,50
2017-04-30,0,22,54,17,29,52,28,16,16,26,0,44,39,33,40,23,0,9,51,17,0,23,23,23,0,27,46,30,23,59,0,14,24,29,38,20,20,20,20,36,39,27,53,16,0,29,74,21,0,34,21,10,29,23,23,29,33,45,59,62,0,22,22,35,23,39,30,21,22,0,65,21,24,33,0,51,10,51
2017-05-07,34,37,22,17,26,40,29,0,25,32,27,27,26,0,46,35,0,14,65,17,0,24,0,23,0,37,0,46,23,18,0,0,34,29,28,0,21,27,40,0,30,18,54,33,26,35,45,42,35,35,43,21,44,14,37,81,22,0,68,0,26,22,22,0,18,52,28,22,21,0,22,0,0,34,0,60,12,26
2017-05-14,48,47,39,37,42,35,61,0,18,21,38,44,36,0,41,0,4,10,48,19,0,0,0,25,27,20,0,24,48,29,0,0,0,0,27,21,32,36,21,20,21,19,0,17,19,43,0,22,37,0,22,0,0,50,45,55,24,36,40,27,0,0,24,38,0,29,26,80,23,23,23,23,29,0,0,51,12,37
2017-05-21,24,56,48,19,0,50,31,27,18,35,19,64,36,54,33,12,0,11,21,38,0,25,25,25,27,20,40,25,41,58,19,16,47,47,20,43,22,22,0,40,35,19,39,35,19,38,0,38,0,0,11,0,32,35,30,60,57,24,37,27,27,36,48,0,10,43,30,23,0,47,23,23,29,0,27,62,16,19
2017-05-28,25,36,24,29,33,65,42,37,18,21,20,26,28,18,46,13,4,20,38,29,0,26,26,0,69,61,20,25,0,46,0,0,69,95,28,22,44,44,22,0,22,0,20,27,19,29,50,15,38,38,17,0,0,31,41,73,37,25,29,28,55,24,24,39,10,30,20,24,48,0,72,0,20,0,28,54,15,75
2017-06-04,0,35,35,37,21,52,46,0,36,27,19,28,36,18,37,24,0,8,55,19,0,0,0,0,27,20,20,36,24,47,38,15,31,31,47,0,21,43,0,19,21,38,19,35,18,56,95,37,37,0,100,0,0,45,40,39,36,48,40,54,27,36,24,38,10,68,16,69,0,0,34,23,0,0,36,60,17,24
2017-06-11,48,47,24,56,21,42,0,18,18,21,29,38,30,0,49,12,0,19,37,19,0,25,25,38,0,30,27,49,24,32,0,0,36,62,30,0,21,43,0,20,52,38,19,23,0,43,0,38,55,37,28,0,31,37,40,71,24,24,24,0,0,24,24,38,10,69,20,23,0,0,23,0,29,0,54,58,14,18
2017-06-18,23,23,0,0,20,21,30,17,70,40,0,56,26,0,48,0,0,16,76,18,0,24,0,0,52,0,19,59,48,28,0,30,75,30,40,21,21,31,0,0,48,0,19,34,18,18,47,0,54,36,22,11,0,29,44,34,23,47,47,26,53,23,23,0,14,57,24,22,0,0,23,23,66,35,35,41,17,54
2017-06-25,33,49,24,29,22,44,32,0,37,43,46,46,37,19,30,13,4,10,53,0,26,43,26,52,0,21,0,38,38,69,20,0,53,53,84,22,33,33,0,20,22,20,40,24,58,39,0,16,0,0,12,0,81,62,36,49,0,33,29,0,28,25,0,39,15,68,34,40,24,24,24,24,100,37,28,59,20,48
2017-07-02,38,59,50,20,0,45,32,19,39,15,20,34,26,20,59,0,0,7,29,20,0,40,0,40,29,0,43,0,0,41,0,0,50,66,54,0,23,38,0,0,37,31,61,19,20,30,0,16,0,40,12,12,33,56,48,51,38,52,82,58,43,0,25,61,31,60,49,49,0,25,25,0,21,38,29,49,6,39
2017-07-09,25,48,24,38,22,43,31,18,0,21,19,78,43,36,41,17,0,18,33,19,0,0,0,0,27,61,20,37,41,58,0,0,21,63,52,43,0,36,0,0,21,0,38,18,19,31,0,23,74,75,0,11,48,45,81,64,24,49,29,27,0,24,24,38,10,53,50,23,0,0,63,24,29,0,41,53,14,56
2017-07-16,24,84,36,19,22,54,0,36,27,28,19,39,55,0,25,13,0,11,80,19,0,26,26,51,55,0,20,75,50,71,0,0,21,32,41,0,0,33,0,0,21,19,29,27,19,25,49,46,38,0,40,0,0,25,51,85,24,0,49,27,27,0,24,0,25,74,30,47,0,0,36,36,52,0,27,51,17,25
2017-07-23,24,40,48,0,21,57,31,37,18,42,26,48,27,18,66,25,0,14,23,38,0,26,51,26,0,20,40,25,24,39,0,0,26,32,41,0,22,36,22,0,21,38,19,26,19,44,98,30,74,38,0,11,32,30,40,60,48,48,45,0,0,24,24,76,10,36,33,23,0,0,35,23,29,0,0,65,10,47
2017-07-30,23,46,69,37,21,42,30,18,18,27,19,28,18,24,48,0,0,15,54,18,0,25,25,37,26,20,0,36,36,44,38,15,40,30,59,0,0,35,0,19,41,0,19,17,54,49,0,44,0,0,27,16,0,19,44,46,23,23,43,26,39,23,47,56,24,61,29,23,23,0,23,0,19,53,0,60,8,36
2017-08-06,35,46,57,18,31,51,59,0,17,34,0,37,26,26,56,0,0,16,54,18,0,49,24,49,39,0,39,24,47,0,0,0,30,30,79,21,42,21,21,0,41,37,65,51,0,27,47,29,36,0,27,0,30,58,58,61,35,0,63,0,26,23,35,37,19,38,29,45,0,0,22,0,37,0,26,46,17,30
2017-08-13,47,35,58,37,21,31,0,0,0,54,38,56,35,0,60,12,0,11,36,37,0,25,0,25,0,0,20,48,24,19,0,0,30,30,20,21,0,0,0,38,20,19,0,17,37,64,47,22,0,72,22,0,0,22,78,39,24,35,18,26,35,23,23,37,10,45,19,23,23,0,23,0,19,36,26,53,9,27
2017-08-20,23,45,0,18,40,50,29,0,0,20,18,46,34,17,55,23,0,7,44,27,0,48,0,24,77,19,38,23,23,18,0,0,20,0,29,0,0,21,0,56,40,36,18,28,0,30,46,21,0,0,16,0,0,33,36,68,23,23,42,26,0,0,23,36,9,31,24,22,22,0,33,0,0,35,51,59,18,18
2017-08-27,34,37,45,35,30,53,29,17,0,20,18,66,60,34,43,29,0,14,26,36,0,24,0,24,26,19,38,23,46,27,18,0,24,88,32,0,20,41,0,19,26,54,18,22,18,53,46,28,35,0,11,11,30,28,52,34,23,30,46,0,51,0,34,36,9,50,25,44,0,0,22,0,27,0,0,60,10,41
2017-09-03,22,33,22,52,39,49,43,17,0,32,0,18,34,0,23,11,4,14,39,17,23,23,23,23,0,19,19,0,45,59,0,14,62,58,38,0,20,80,20,27,20,0,18,16,17,17,45,28,0,34,37,0,0,42,46,66,67,34,34,25,25,0,0,35,9,58,24,43,0,21,22,0,27,0,25,46,19,23
2017-09-10,22,44,65,17,19,45,0,17,17,32,35,29,22,17,45,15,4,10,55,34,0,23,0,0,50,18,18,45,34,18,18,14,57,29,28,20,20,53,0,18,0,0,44,0,34,40,44,14,0,0,0,0,0,14,51,22,0,22,22,25,25,22,0,35,0,57,33,43,43,21,36,0,18,0,50,62,10,43
2017-09-17,0,22,44,17,20,39,56,17,17,25,26,35,25,0,53,11,0,19,34,17,0,23,0,23,0,18,0,45,22,23,0,29,43,29,28,20,20,0,0,18,19,18,53,48,26,34,44,34,34,0,21,0,58,37,41,22,22,33,30,25,0,22,0,0,9,42,24,21,0,21,32,21,0,0,50,67,12,51
2017-09-24,0,29,22,52,20,20,29,17,17,26,18,36,34,33,46,11,4,8,26,35,23,0,24,0,25,19,0,46,46,30,0,0,19,29,28,0,20,27,30,0,30,18,27,16,0,41,0,28,35,0,32,0,29,14,35,52,23,22,45,51,0,33,45,35,9,40,37,43,0,43,54,0,36,34,25,58,10,34
2017-10-01,22,58,22,0,0,32,28,17,0,13,18,47,0,0,49,0,4,9,25,34,0,23,23,46,25,37,18,22,30,18,18,14,47,57,19,20,20,20,20,18,19,35,18,32,17,51,0,14,34,34,21,0,29,32,41,65,22,22,30,49,25,44,33,0,0,45,27,0,0,0,57,0,18,33,50,71,6,34
2017-10-08,44,29,22,17,19,19,56,0,16,31,35,64,16,16,19,11,4,10,17,17,0,23,23,23,0,18,27,33,22,52,17,14,42,28,55,0,20,39,20,18,57,0,17,24,17,17,44,27,0,0,20,0,29,41,27,36,33,22,44,0,0,22,22,35,9,81,27,21,0,42,0,0,0,33,25,57,11,17
2017-10-15,0,66,44,52,49,29,0,0,0,19,18,53,28,17,46,23,0,10,19,26,0,31,0,23,0,19,18,45,23,27,0,0,36,57,28,0,20,50,0,0,29,0,36,32,17,29,0,14,0,34,10,10,0,21,32,33,45,22,52,50,25,22,22,35,9,37,21,0,0,0,21,0,18,0,25,57,15,34
2017-10-22,0,32,22,17,19,29,42,25,16,25,26,29,28,17,60,11,0,10,30,34,0,23,23,0,0,18,36,22,22,29,17,0,28,28,25,20,20,40,0,36,45,18,52,16,0,34,0,0,34,34,10,0,0,34,46,22,22,33,30,37,0,22,22,0,9,54,39,21,0,21,28,0,0,0,0,60,10,17
2017-10-29,44,44,44,34,19,39,0,33,0,38,17,35,44,17,38,11,4,13,19,17,23,23,0,0,37,19,37,30,67,35,18,0,38,29,31,20,20,30,0,27,39,18,18,16,17,46,67,28,34,34,41,0,29,41,62,44,45,55,41,25,41,0,33,35,9,30,33,36,0,22,21,0,18,0,50,60,10,23
2017-11-05,21,57,35,17,19,57,37,16,16,37,17,17,24,0,33,0,0,11,19,42,23,68,0,23,24,18,0,22,44,40,17,14,32,28,30,19,19,52,19,53,47,17,26,0,33,45,43,27,33,33,0,0,0,22,49,21,22,22,29,36,0,0,21,0,9,32,27,31,21,0,42,0,29,33,24,61,11,33
2017-11-12,0,53,43,25,38,25,27,0,32,25,17,51,41,16,81,22,4,15,17,51,0,45,23,34,0,18,27,22,22,43,17,14,46,56,24,0,19,52,19,26,28,35,43,21,17,42,0,54,33,33,30,0,28,40,54,35,22,0,29,24,24,0,21,0,9,29,32,21,21,0,42,0,0,0,24,35,14,22
2017-11-19,23,34,92,36,31,41,30,17,0,20,28,25,47,26,20,0,8,11,27,73,0,24,0,24,0,0,19,24,24,37,0,0,35,30,20,21,21,42,0,19,41,19,28,17,36,79,47,15,0,36,11,0,0,29,36,38,35,23,35,26,26,0,46,37,10,51,16,45,23,0,38,22,25,0,26,40,14,30
2017-11-26,32,31,42,33,0,19,54,16,0,24,17,34,27,0,51,0,6,9,37,50,22,22,22,0,48,18,0,22,43,34,17,0,37,28,24,19,19,70,19,0,25,0,68,23,0,17,43,27,65,0,10,0,0,40,31,21,21,21,47,24,0,21,21,34,13,32,22,0,21,0,27,0,26,0,40,45,13,44
2017-12-03,22,32,43,17,19,38,27,0,32,19,34,34,16,16,52,11,7,12,25,17,0,23,0,22,24,0,0,22,0,26,34,0,23,28,46,0,78,48,19,35,19,17,26,16,34,34,0,27,0,0,20,10,0,40,36,32,22,29,29,36,24,22,21,34,9,41,30,0,0,0,42,0,0,33,0,52,10,50
2017-12-10,33,54,64,34,38,32,42,16,0,38,17,26,27,25,50,0,6,8,44,34,23,23,23,23,24,0,0,33,44,52,0,14,23,0,31,0,0,29,0,27,38,0,18,16,0,34,44,27,0,34,10,10,0,27,41,29,22,55,37,25,0,22,22,35,9,54,27,42,0,21,21,0,17,49,25,59,4,33
2017-12-17,0,46,46,18,0,34,29,0,0,27,37,18,35,0,44,0,8,7,22,0,0,24,0,37,26,0,0,24,0,0,0,0,30,30,26,31,0,35,21,19,41,0,37,26,18,24,71,29,0,54,22,11,31,44,48,46,23,0,51,26,0,0,23,0,10,29,24,23,23,0,45,0,19,0,26,43,16,18
2017-12-24,25,74,25,49,0,22,64,19,19,22,30,27,25,19,51,0,59,9,29,49,0,35,26,0,0,21,21,39,25,60,0,65,49,33,64,45,38,23,0,21,22,20,20,37,0,33,50,0,76,0,23,12,33,63,39,25,38,25,55,28,28,25,50,40,17,38,21,24,24,0,57,24,20,0,28,38,10,0
2017-12-31,23,45,30,18,40,60,0,0,17,39,18,36,43,34,58,0,73,8,39,35,0,72,24,71,77,19,28,58,23,66,18,0,34,0,19,0,20,54,41,0,46,18,55,33,18,29,46,21,35,35,0,0,0,35,33,22,23,0,53,25,38,0,23,36,9,19,50,0,66,0,55,0,45,34,25,52,11,26
2018-01-07,43,50,35,17,28,28,27,32,16,19,17,40,32,16,22,0,36,14,31,50,0,38,23,23,0,0,18,33,29,60,17,0,42,56,45,19,19,52,19,18,19,0,60,16,17,17,87,27,33,0,30,0,28,40,58,42,22,0,40,48,24,0,43,0,9,41,21,42,0,21,21,21,17,0,36,49,14,17
2018-01-14,0,71,57,42,19,19,28,0,0,38,23,23,49,24,33,11,7,10,21,17,23,68,23,23,61,18,18,29,22,46,17,0,61,0,43,19,20,59,19,18,38,17,43,32,34,45,0,27,0,34,30,10,0,27,54,21,22,0,47,37,36,22,43,69,9,30,22,21,21,21,42,21,17,0,73,55,5,17
2018-01-21,21,53,56,25,28,38,0,24,16,37,34,40,21,0,33,11,7,15,33,33,22,0,0,22,0,18,18,22,22,34,0,14,37,28,30,19,0,26,19,0,19,26,34,0,17,41,43,27,0,33,15,0,28,53,27,0,21,32,50,24,71,21,43,51,18,20,32,31,21,0,51,0,17,32,24,45,9,16
2018-01-28,0,42,77,17,28,75,27,32,0,12,17,22,40,16,36,0,4,17,37,50,22,0,22,22,24,18,18,22,22,23,17,0,41,27,36,0,19,67,0,0,31,0,76,23,16,33,43,27,49,0,10,0,28,26,53,0,28,21,36,48,24,21,42,34,13,32,35,21,20,20,27,21,17,32,24,55,18,16
2018-02-04,21,48,41,16,19,31,45,31,32,36,33,33,37,0,36,11,0,8,36,49,0,22,22,22,24,35,0,0,21,39,0,14,45,27,45,19,19,0,19,17,28,17,34,31,0,25,0,20,32,43,10,15,28,57,35,21,21,21,46,24,47,21,31,34,9,58,20,41,0,20,20,20,34,0,63,41,8,16
2018-02-11,0,49,0,0,19,28,27,16,16,31,25,17,37,16,36,11,0,12,21,17,0,37,22,22,24,0,18,29,29,34,0,14,50,27,27,0,19,19,19,0,19,17,17,15,25,25,43,20,33,0,20,0,28,40,66,28,32,21,50,0,24,21,21,34,9,29,32,27,0,21,21,0,51,0,24,42,6,16
2018-02-18,21,28,52,33,25,56,27,0,48,37,17,22,27,16,51,11,4,22,41,17,0,22,22,0,24,0,18,65,36,45,0,0,34,41,36,19,29,38,19,17,37,17,51,23,25,22,43,13,0,33,10,0,0,40,35,42,21,21,39,48,24,21,21,0,9,29,32,20,20,21,31,0,34,32,24,41,9,33
2018-02-25,42,83,62,16,28,31,27,0,0,12,17,50,32,0,47,11,4,7,28,33,0,22,22,0,24,18,26,32,54,17,0,0,32,27,36,19,0,38,0,0,43,17,25,15,0,49,0,26,32,32,20,10,27,33,31,0,21,21,42,24,0,21,31,0,9,52,40,41,41,0,60,0,17,0,0,53,8,33
2018-03-04,21,42,77,33,0,65,27,16,0,85,34,34,24,16,33,0,0,6,18,50,0,33,0,0,0,18,18,32,43,39,17,0,34,69,30,0,0,38,0,35,31,17,76,15,0,49,43,0,32,0,20,10,27,40,44,21,21,21,43,36,24,0,21,0,17,49,17,81,20,0,27,0,17,32,40,46,11,43
2018-03-11,0,49,35,25,38,62,27,16,16,37,17,28,48,0,22,14,0,6,33,25,0,45,22,22,24,18,18,22,36,51,17,14,36,0,54,0,0,29,19,0,28,25,25,15,22,16,0,13,65,33,15,0,55,20,18,31,21,32,57,36,0,21,0,0,9,32,23,31,0,20,34,0,28,32,36,38,9,33
2018-03-18,21,21,32,34,19,57,27,0,16,19,43,34,24,0,29,11,0,17,25,25,23,45,0,22,24,18,27,29,22,34,17,0,28,28,27,0,0,45,19,18,38,17,34,16,17,28,0,27,0,33,10,10,0,45,40,21,29,22,29,24,24,0,21,68,9,44,35,41,31,21,41,0,52,32,24,48,15,49
2018-03-25,22,33,65,26,39,52,85,17,17,25,18,35,28,17,40,23,0,8,47,35,0,23,0,23,0,18,18,23,56,35,18,0,50,57,44,0,0,40,0,0,39,18,79,21,17,26,44,27,34,68,10,21,29,46,42,29,44,22,41,25,25,0,22,35,9,70,15,21,0,0,57,21,18,0,0,37,18,17
2018-04-01,22,43,29,17,19,29,0,0,25,50,17,35,38,0,30,11,0,10,31,34,0,0,0,0,0,55,18,22,30,61,17,0,47,56,37,0,20,26,20,0,32,35,35,0,17,51,44,20,34,0,15,10,29,23,41,32,22,22,51,33,0,65,22,35,9,63,39,28,0,0,42,21,61,33,49,39,12,28
2018-04-08,22,43,28,34,38,57,28,24,16,43,34,34,32,16,59,11,0,19,50,42,0,23,0,23,49,18,18,22,33,17,17,14,14,70,37,19,19,39,19,18,50,17,34,31,25,34,44,27,0,33,25,20,42,18,36,42,22,22,33,24,0,21,21,0,18,35,27,42,0,28,42,31,35,33,24,59,19,17
2018-04-15,32,49,21,33,19,31,0,32,16,86,17,34,37,16,62,22,4,22,37,0,0,56,22,45,0,0,36,0,22,34,17,0,46,0,42,38,0,19,19,17,50,0,68,41,22,33,43,13,33,33,20,0,0,22,36,63,21,28,68,24,0,0,0,34,20,44,26,41,42,0,41,0,17,65,24,44,7,33
2018-04-22,21,32,49,17,38,47,41,16,16,19,26,28,48,33,59,11,0,14,54,17,22,23,23,0,24,18,18,33,22,43,0,0,51,42,18,0,29,39,38,0,38,17,34,31,17,67,43,27,33,33,20,10,28,40,58,85,22,43,43,36,24,32,32,69,9,68,35,41,0,0,63,0,52,43,48,43,12,33
2018-04-29,33,42,21,17,19,28,28,0,16,37,17,46,27,16,52,11,0,16,37,25,0,23,0,23,24,36,18,22,33,34,0,14,42,37,18,0,19,58,29,18,38,43,43,31,0,17,43,27,0,33,30,10,38,40,58,50,22,29,47,24,36,21,0,0,12,68,21,0,21,0,56,21,26,32,24,39,7,28
2018-05-06,43,32,43,25,32,38,27,48,16,31,23,46,32,16,37,15,4,10,33,34,0,23,0,45,0,36,18,33,22,26,51,14,37,37,0,0,19,58,19,35,31,17,26,31,17,67,0,20,33,0,20,10,0,22,47,21,29,43,47,72,24,0,22,0,9,68,24,42,21,0,35,31,23,33,32,44,11,33
2018-05-13,33,33,43,17,32,39,56,16,0,19,17,41,28,25,45,0,0,16,34,17,0,23,23,23,0,37,0,34,22,53,17,0,50,47,43,0,0,39,20,36,57,0,44,21,0,40,0,14,34,34,31,0,29,18,14,36,22,22,63,25,74,0,22,35,9,57,18,42,21,0,35,42,44,0,49,41,8,51
2018-05-20,37,44,67,26,20,59,28,25,17,77,18,36,23,17,27,17,0,21,56,26,0,24,0,47,50,19,19,23,23,18,18,15,58,73,63,0,0,61,20,18,52,18,18,38,0,41,45,21,0,0,31,10,29,23,35,100,56,22,72,25,50,34,22,35,14,49,31,44,22,0,33,0,0,34,42,71,15,26
2018-05-27,30,34,45,18,20,67,48,17,17,33,24,66,23,17,51,0,0,14,48,18,24,24,24,40,51,38,19,35,23,30,0,0,83,88,38,20,41,27,0,0,40,18,45,41,0,35,0,29,0,35,11,11,30,57,43,52,0,23,80,26,0,23,45,0,9,68,25,0,0,0,22,44,0,52,26,58,10,70
2018-06-03,22,81,55,35,20,66,71,50,33,39,36,42,34,17,38,0,0,12,60,26,0,0,24,24,25,25,19,34,46,18,0,0,72,29,47,0,0,60,20,0,26,18,63,33,35,41,45,42,34,35,11,0,0,42,65,44,23,23,64,25,0,22,22,70,9,43,31,43,22,22,65,22,27,0,42,47,12,40
2018-06-10,22,36,0,0,19,65,28,33,16,25,35,26,17,25,45,11,0,18,47,34,0,23,23,23,25,37,18,52,30,35,0,0,76,28,56,0,20,39,0,36,39,18,35,32,23,34,44,28,34,0,21,10,0,23,32,33,33,33,67,0,25,22,22,0,9,51,33,32,0,0,28,28,35,33,0,36,14,51
2018-06-17,0,45,37,18,20,40,29,34,17,39,18,45,34,26,50,12,0,9,30,44,24,24,0,0,51,19,19,23,31,27,0,0,53,29,57,0,0,20,41,0,59,18,36,16,0,35,0,14,35,35,11,0,0,28,52,33,23,30,95,25,25,0,23,36,9,56,31,33,0,0,36,22,27,0,25,42,10,35
2018-06-24,30,22,30,0,30,30,58,17,17,46,18,42,34,0,39,12,0,10,57,27,0,40,0,48,26,38,38,39,70,24,18,0,25,29,39,20,0,41,0,0,27,18,18,22,30,41,0,14,35,35,16,0,0,52,38,45,23,46,42,26,26,23,0,0,19,50,41,44,22,22,22,0,18,0,0,43,13,29
2018-07-01,35,39,58,28,31,55,30,0,18,47,19,37,18,18,32,18,4,12,63,46,0,61,25,25,79,20,20,40,24,31,0,0,71,30,33,21,32,35,0,38,62,19,47,26,18,73,47,22,36,36,27,16,0,29,44,54,55,24,83,39,53,24,23,74,10,38,26,45,0,0,23,23,28,35,27,34,17,27
2018-07-08,0,52,66,18,20,33,29,50,17,45,18,27,22,17,61,17,0,15,78,35,47,24,0,23,38,19,19,80,34,36,0,15,58,58,38,20,0,27,0,0,58,18,72,24,17,41,44,42,34,0,21,31,30,42,37,52,23,45,57,34,51,22,22,47,9,55,25,22,22,22,44,33,27,100,25,45,16,34
2018-07-15,23,60,34,27,20,34,0,17,17,26,37,27,43,0,35,18,4,12,44,36,0,24,24,24,0,19,29,31,23,55,18,15,44,45,39,0,41,28,0,19,47,36,18,33,36,66,62,14,0,71,21,22,30,43,29,68,46,23,50,26,0,23,34,55,24,47,35,44,0,22,22,30,28,0,26,46,19,36
2018-07-22,34,45,68,36,30,60,29,17,17,33,18,48,26,0,66,12,4,17,57,18,24,24,0,48,52,0,19,47,23,30,0,0,22,30,39,0,21,41,0,0,33,18,46,17,27,30,46,22,35,35,16,0,30,29,43,45,23,38,50,26,39,0,23,36,9,56,44,0,22,0,44,22,55,35,34,36,11,29
2018-07-29,34,45,22,35,30,50,29,17,17,39,0,66,34,25,50,12,4,18,39,18,0,36,0,24,25,19,28,69,35,63,18,15,44,29,38,61,0,20,20,0,39,36,72,49,23,35,45,28,35,0,21,0,0,38,42,33,23,0,49,51,25,0,22,36,9,62,46,0,0,0,66,22,18,0,38,43,11,26
2018-08-05,23,52,52,44,20,59,72,0,0,32,18,36,34,0,38,17,0,14,35,26,0,23,0,23,0,19,19,61,30,30,18,15,68,44,51,0,20,41,20,0,65,18,90,33,17,26,45,28,0,0,26,21,29,51,42,67,23,45,76,38,25,0,33,48,14,37,21,44,33,0,29,22,18,0,50,50,11,29
2018-08-12,57,45,23,35,20,20,58,17,25,26,18,36,17,17,43,29,0,9,26,18,24,24,0,72,0,19,19,0,31,36,27,15,64,29,48,21,21,34,0,0,100,0,37,0,18,53,46,43,0,0,11,0,0,42,52,45,23,0,46,51,0,23,38,36,16,53,31,22,0,0,33,22,18,0,38,62,20,41
2018-08-19,23,45,30,27,20,47,29,17,17,33,18,54,43,34,46,12,0,12,59,18,0,24,0,24,64,0,19,35,69,27,0,15,49,29,67,0,20,20,20,37,20,0,54,66,0,71,0,57,35,35,43,0,30,35,33,34,34,92,38,34,25,23,23,36,9,56,25,44,22,22,37,0,24,34,26,37,12,35
2018-08-26,22,29,37,35,20,49,57,17,33,39,27,35,28,17,42,11,4,10,60,17,24,47,0,47,0,19,19,46,45,36,27,14,43,29,25,20,20,33,0,0,33,36,36,16,0,41,45,21,34,0,31,10,29,28,63,33,22,22,90,50,25,22,22,0,18,49,23,43,43,22,43,22,36,68,50,47,8,52
2018-09-02,37,54,33,52,20,29,42,16,17,13,18,35,33,33,57,11,0,17,26,17,0,23,0,23,25,37,37,23,30,29,18,14,24,29,38,20,0,40,30,18,39,35,18,32,34,40,44,14,34,0,21,10,0,41,28,51,22,22,78,25,25,0,22,0,9,64,18,43,21,0,21,0,18,0,33,50,9,28
2018-09-09,21,42,53,17,19,50,55,16,0,37,34,42,27,0,44,11,0,22,25,25,0,23,22,22,24,54,24,43,22,51,17,0,32,41,55,19,0,38,0,0,37,0,34,31,17,44,0,13,33,66,10,10,0,49,53,32,21,21,43,24,24,0,32,34,12,76,35,41,0,0,28,0,26,0,24,41,10,33
2018-09-16,22,57,43,25,0,25,28,0,24,13,35,29,33,16,41,0,0,11,44,34,0,0,0,0,25,18,18,29,33,52,26,14,33,28,28,19,0,68,19,35,38,17,26,24,17,39,44,0,33,34,0,10,0,27,27,32,22,22,73,25,24,0,22,34,9,33,36,31,21,21,21,21,26,32,24,50,15,41
2018-09-23,22,54,21,25,19,48,0,16,0,25,0,26,25,16,26,11,0,8,34,17,0,23,23,46,24,18,0,22,22,23,17,0,51,28,68,39,20,26,20,18,44,35,35,32,25,39,0,14,0,67,25,10,0,27,27,36,0,22,59,24,37,22,43,35,0,54,21,0,42,0,32,21,26,0,41,44,6,22
2018-09-30,86,43,64,17,32,39,28,0,16,13,0,29,66,0,45,17,4,15,34,17,23,34,23,0,24,18,27,22,0,26,0,14,61,28,37,20,19,39,0,0,38,17,0,16,17,68,44,27,33,34,20,0,43,32,23,43,22,22,51,33,37,22,0,0,9,48,45,21,42,0,21,42,53,0,49,37,14,22
2018-10-07,44,43,22,26,0,58,28,41,16,19,18,44,17,0,64,11,0,15,38,34,23,23,35,23,25,18,0,37,45,23,18,0,19,43,28,0,20,20,20,18,19,18,53,16,17,34,0,27,34,0,26,10,29,32,37,87,22,33,74,0,0,0,44,35,9,33,27,21,0,21,21,21,18,0,37,42,14,42
2018-10-14,22,65,54,0,32,71,0,16,0,38,17,52,17,17,39,22,4,8,38,34,0,23,23,0,49,28,24,67,22,18,0,14,52,29,47,0,0,33,40,0,39,18,35,24,35,17,0,14,0,34,10,0,29,23,32,55,22,22,52,37,25,22,0,0,9,45,23,21,0,21,21,21,18,33,50,44,8,17
2018-10-21,22,72,54,34,19,71,28,0,16,19,17,61,41,0,34,11,0,15,42,0,0,23,0,0,0,18,36,33,0,52,17,14,35,28,25,0,0,33,0,45,38,17,35,16,17,45,0,55,33,0,10,20,29,14,32,32,22,22,33,25,37,0,33,35,9,48,21,32,21,0,32,42,18,0,0,39,11,28
2018-10-28,89,55,33,26,0,39,56,0,17,32,26,18,33,17,46,11,0,14,38,0,23,23,23,0,25,18,19,23,23,30,18,0,38,29,38,20,0,33,20,36,45,35,0,16,35,35,0,14,51,0,16,10,0,49,46,36,22,22,34,25,25,22,22,35,9,46,21,43,64,0,21,0,18,34,25,43,4,34
2018-11-04,63,51,41,32,0,37,27,0,16,54,33,41,39,24,46,11,4,8,36,49,22,58,22,22,0,0,17,21,32,50,17,0,63,27,27,37,0,38,19,26,27,25,17,30,0,32,0,20,32,32,10,10,55,13,52,20,21,28,63,39,23,21,62,50,9,43,26,20,0,0,20,20,17,0,23,42,6,32
2018-11-11,22,50,43,34,0,32,28,32,33,25,17,17,32,33,48,11,6,12,37,34,0,91,0,67,24,0,0,44,44,34,17,28,19,28,24,20,0,58,20,53,66,0,17,21,17,25,44,14,33,0,0,10,28,34,54,32,22,0,51,24,24,22,0,34,9,38,35,21,0,21,42,21,26,33,57,32,11,22
2018-11-18,23,53,23,18,20,27,29,17,17,33,18,27,40,0,43,0,5,11,27,36,24,24,24,36,0,0,19,31,23,37,0,29,69,45,48,21,21,31,20,38,40,18,37,17,18,45,46,14,0,0,27,0,30,29,21,45,23,46,62,43,77,23,0,36,9,19,13,44,0,22,55,22,28,0,0,29,10,35
2018-11-25,0,41,83,33,19,74,27,0,16,24,16,92,79,16,46,16,14,16,32,82,22,22,22,0,24,17,0,32,43,50,0,0,45,40,24,28,57,38,19,34,46,17,42,23,16,49,0,33,32,0,10,10,28,22,26,21,21,31,53,35,24,21,21,0,13,37,56,40,20,0,51,20,22,32,23,47,8,21
2018-12-02,21,63,35,50,0,44,0,16,16,49,17,34,16,16,40,11,11,9,49,42,22,45,22,22,24,18,18,43,51,51,0,0,55,0,45,29,0,19,0,26,28,0,26,21,17,100,0,20,0,0,20,10,0,27,22,21,21,21,43,24,24,21,32,0,13,29,26,41,21,21,21,0,52,0,24,37,6,16
2018-12-09,32,74,28,17,32,47,27,0,16,31,17,26,16,0,70,11,19,21,21,17,23,23,22,0,0,18,0,33,33,51,17,0,55,28,36,0,19,29,39,44,31,17,51,26,17,42,43,27,33,50,20,0,28,36,20,0,21,54,43,24,24,21,21,34,9,32,15,41,31,0,42,21,17,0,24,40,9,22
2018-12-16,0,58,36,17,19,33,0,17,0,13,18,41,17,17,61,11,11,14,13,26,23,35,0,23,25,18,0,90,45,18,0,14,50,0,56,20,20,33,20,27,58,18,71,27,17,63,0,42,34,34,21,10,29,46,55,22,22,33,30,25,25,22,22,35,9,30,21,32,21,0,43,21,45,33,50,32,7,34
2018-12-23,37,90,37,29,22,22,0,19,37,36,39,26,28,19,76,0,33,24,22,48,26,26,26,0,0,21,0,38,25,40,0,0,59,48,35,0,22,67,22,41,51,20,40,18,0,39,75,15,38,0,12,12,0,31,15,24,25,25,33,28,0,25,0,79,0,34,24,36,24,24,56,0,20,56,42,27,6,48
2018-12-30,46,76,46,18,20,51,0,17,52,40,28,31,35,0,39,12,100,20,27,18,24,48,24,24,39,19,0,71,55,25,18,15,50,30,65,0,21,28,21,38,40,18,18,17,0,18,0,43,35,36,22,11,0,38,43,38,23,23,70,26,35,0,0,0,9,32,32,34,34,22,37,22,0,0,65,38,25,18
2019-01-06,21,85,42,42,19,19,27,16,32,50,17,46,38,16,62,15,21,16,29,34,0,45,0,45,24,18,18,58,44,80,17,0,46,0,42,19,19,26,19,18,56,0,34,0,17,50,0,34,0,33,20,20,0,31,49,0,22,22,40,24,36,0,21,34,9,65,44,52,0,21,21,28,29,32,40,48,13,16
2019-01-13,32,55,21,16,0,37,54,16,16,42,17,0,47,21,54,0,11,25,45,25,0,22,0,29,70,18,0,64,29,42,17,13,32,27,36,19,19,44,19,26,73,33,33,15,0,27,42,33,32,54,20,10,28,13,52,21,32,21,46,48,24,21,21,33,20,40,43,34,20,20,47,20,25,0,24,41,7,16
2019-01-20,21,42,63,50,19,25,45,16,40,49,42,67,27,16,69,18,5,18,18,25,0,30,0,22,96,0,47,29,22,42,17,23,87,27,63,0,19,19,19,0,37,17,34,21,33,41,42,20,33,0,0,10,28,20,26,21,21,0,54,24,24,21,42,34,9,43,35,20,0,21,34,21,28,80,56,45,15,16
2019-01-27,42,48,31,66,18,43,27,31,55,30,33,33,31,0,25,11,7,17,24,0,0,44,22,22,0,0,17,50,42,22,0,14,22,54,24,0,0,19,19,17,36,17,50,15,33,32,0,26,32,0,20,19,0,61,26,21,21,21,42,0,35,0,41,33,9,34,26,40,20,20,50,0,42,0,23,43,10,16
2019-02-03,0,40,27,40,18,24,0,23,15,35,24,54,41,0,59,0,0,20,28,32,0,32,21,29,23,17,0,62,21,38,0,26,35,40,63,0,18,49,0,0,54,16,33,30,16,32,62,38,0,0,0,19,0,30,38,40,20,41,45,23,23,20,41,65,13,25,31,40,0,20,20,20,16,31,31,32,13,47
2019-02-10,28,48,41,0,18,30,26,0,15,36,25,16,39,16,42,16,4,10,24,32,22,43,22,22,0,17,17,42,53,16,16,13,53,0,17,19,0,28,19,17,48,0,50,30,40,27,42,52,0,0,10,0,27,56,30,41,0,21,45,23,23,0,21,33,13,34,31,20,20,0,30,0,17,0,0,43,11,27
2019-02-17,21,48,21,16,0,18,0,16,16,24,28,39,42,0,35,11,0,16,28,16,44,22,22,22,46,52,51,32,35,17,17,13,58,27,41,19,56,28,0,17,79,17,17,15,16,27,0,0,32,32,0,10,27,39,22,51,63,42,31,23,0,0,21,33,9,34,31,30,20,40,40,20,50,0,35,40,7,32
2019-02-24,31,27,20,32,27,27,26,15,15,41,16,32,46,0,45,0,4,16,47,32,0,43,0,21,35,0,17,21,31,27,16,0,35,26,35,0,19,37,0,25,72,0,49,15,0,37,0,64,31,32,29,19,54,25,43,27,21,21,24,0,35,0,62,0,17,42,36,20,0,0,39,20,16,31,31,46,10,47
2019-03-03,21,55,21,16,37,31,54,16,0,30,33,33,16,0,43,0,0,17,0,33,22,22,33,44,24,0,64,21,21,42,17,0,45,27,27,0,0,38,19,0,31,0,42,15,16,49,42,13,32,0,20,0,28,39,57,21,21,21,28,0,23,0,21,0,17,40,29,20,0,0,27,0,17,0,39,46,11,49
2019-03-10,21,42,42,50,19,47,28,0,16,12,34,40,21,0,51,11,0,16,33,17,0,44,0,23,0,18,18,87,22,40,17,41,41,55,55,0,0,38,0,0,25,0,26,16,0,28,43,20,33,0,20,15,28,49,31,42,0,43,43,0,24,43,21,0,9,47,29,21,21,20,41,21,0,0,24,28,15,16
2019-03-17,29,21,54,0,38,32,42,16,16,31,26,29,16,16,52,22,5,15,31,34,0,46,0,30,24,18,36,30,22,58,23,0,37,42,31,0,20,29,0,18,57,35,52,16,0,45,44,41,33,34,41,10,28,34,45,36,22,22,59,24,0,0,0,0,18,60,24,28,21,0,32,0,23,50,25,32,8,34
2019-03-24,57,32,85,25,38,51,27,16,48,37,34,43,43,32,37,11,0,16,50,50,23,0,0,0,36,18,18,51,22,46,17,14,37,56,27,0,0,58,19,18,56,34,17,16,17,56,43,27,0,0,30,10,28,54,49,21,43,22,54,24,24,43,43,34,9,41,26,0,21,0,28,0,35,0,24,49,8,55
2019-03-31,43,74,52,17,38,69,27,16,16,37,23,45,40,0,26,0,0,12,45,33,0,45,22,0,73,18,36,36,51,17,17,14,41,27,54,0,19,45,38,0,25,26,43,16,16,39,43,20,0,33,10,0,28,36,73,56,21,32,47,0,24,0,21,34,20,61,32,21,21,21,62,42,17,32,24,38,19,44
2019-04-07,64,42,50,34,19,38,27,0,16,31,23,43,16,24,48,11,4,11,25,17,0,30,0,30,0,18,24,51,33,34,26,14,28,70,49,0,0,29,0,26,31,0,60,23,17,22,0,34,33,0,25,0,0,27,58,21,22,22,54,24,0,0,0,34,9,44,29,21,21,31,42,21,35,32,48,41,9,50
2019-04-14,22,36,87,43,0,26,57,0,17,32,18,59,34,0,38,23,0,11,47,35,23,23,23,23,0,0,19,45,38,44,26,14,52,100,44,0,0,20,0,37,52,18,27,24,23,57,0,14,68,51,10,21,29,41,46,29,30,44,78,33,25,22,29,0,9,48,36,43,0,43,21,21,18,0,50,30,5,34
2019-04-21,44,58,43,69,0,64,28,0,16,44,18,46,28,16,37,11,0,16,42,26,23,57,23,0,25,18,18,45,22,64,18,14,33,28,56,0,20,40,20,18,32,0,52,16,0,85,0,41,0,0,20,10,29,50,50,22,33,22,74,24,0,0,29,0,9,69,30,32,21,42,28,42,35,0,37,40,25,51
2019-04-28,43,21,28,33,19,100,54,16,16,61,28,56,43,16,33,11,0,15,31,17,0,33,0,22,0,18,0,51,22,60,17,14,41,64,30,0,19,38,19,35,65,0,43,16,0,66,86,47,0,33,25,10,28,49,44,31,28,32,82,24,24,0,21,34,0,61,44,41,41,0,51,21,26,0,24,33,13,33
2019-05-05,22,21,64,25,19,45,41,16,16,50,23,17,24,24,81,22,0,14,58,17,23,45,23,38,24,18,18,44,22,52,26,14,42,28,37,19,0,39,0,27,44,35,43,32,34,34,44,41,33,33,15,0,0,36,54,28,43,22,84,24,32,22,43,0,9,74,12,42,21,21,28,21,41,33,49,29,9,100
2019-05-12,33,32,33,26,19,32,28,0,25,32,35,52,39,17,23,17,0,20,81,0,0,23,0,23,0,0,18,34,22,47,0,0,38,57,37,0,30,30,0,18,32,35,26,24,52,51,44,55,34,34,15,10,0,32,32,29,33,33,100,25,0,0,22,0,0,66,23,21,21,21,32,0,24,0,25,33,20,62
2019-05-19,33,33,29,52,20,88,0,25,33,38,23,71,17,17,38,0,0,17,30,17,0,46,23,23,25,18,18,45,0,29,18,14,33,57,75,20,20,53,0,0,58,35,35,32,26,46,0,28,0,34,10,10,0,46,41,43,0,66,71,0,25,0,22,35,27,66,21,32,43,21,21,21,27,34,25,33,14,34
2019-05-26,38,22,56,53,0,60,43,17,17,52,18,36,34,34,70,12,0,20,39,27,0,47,0,24,25,0,19,69,46,48,0,14,22,49,51,0,0,62,41,0,59,0,63,38,17,62,46,42,0,0,16,11,0,56,33,78,23,0,57,25,50,0,23,36,15,40,28,55,43,0,55,22,24,34,25,37,17,58
2019-06-02,22,36,85,68,0,38,41,48,0,50,34,35,22,0,30,22,0,14,59,25,0,69,23,23,0,18,18,89,30,52,17,14,37,28,25,0,19,26,0,18,32,0,43,16,17,56,0,27,0,34,25,15,29,72,40,71,29,44,59,25,25,22,54,34,12,54,24,42,28,21,49,0,17,33,49,41,21,34
2019-06-09,67,36,44,51,29,46,28,25,25,38,23,62,22,0,26,23,0,13,43,52,0,23,23,35,50,18,19,68,45,35,35,14,57,67,47,0,20,60,0,0,52,36,89,27,0,52,0,14,34,51,21,10,58,60,65,58,0,37,52,37,25,22,0,35,14,70,21,21,22,21,21,21,18,0,25,30,19,63
2019-06-16,22,58,29,34,29,58,42,41,16,44,41,47,33,0,34,0,0,14,38,17,0,31,23,23,74,19,18,52,56,59,18,0,71,28,66,20,0,30,0,18,77,0,35,24,34,51,44,14,0,0,15,0,29,50,60,32,22,29,97,37,33,22,55,35,18,39,27,0,21,32,43,0,27,0,100,35,13,34
2019-06-23,38,45,45,27,20,70,29,0,17,39,45,45,40,34,54,12,0,14,48,35,24,32,24,48,26,19,28,54,31,36,18,15,15,29,87,0,20,41,41,19,40,0,18,17,26,71,46,36,0,0,16,0,30,42,36,45,22,0,84,26,0,23,23,0,14,46,34,44,22,22,73,22,27,0,38,37,5,29
2019-06-30,23,38,76,63,0,68,58,34,17,73,27,43,43,0,47,23,0,19,46,36,24,24,24,24,26,19,38,70,47,46,0,15,45,79,65,21,62,41,21,0,40,18,46,28,18,36,69,14,35,35,22,11,30,67,48,38,0,23,54,26,26,23,46,36,13,60,38,22,0,0,0,22,55,0,39,44,13,27
2019-07-07,22,32,33,17,0,52,56,16,33,57,26,47,33,33,49,23,0,23,34,34,0,23,23,23,25,30,28,52,56,53,0,14,24,28,37,0,20,26,0,27,58,35,18,16,17,51,88,21,34,0,21,21,43,37,41,87,0,0,41,49,25,0,44,35,14,42,36,21,32,21,32,42,27,0,33,30,13,34
2019-07-14,45,78,33,17,20,53,29,0,17,45,18,18,33,17,31,23,0,22,35,35,0,23,0,24,25,28,37,99,46,36,18,15,51,57,48,0,20,20,0,18,59,0,54,16,17,29,45,42,51,0,32,0,29,47,37,33,22,22,41,42,25,22,0,36,14,55,31,22,22,22,54,21,18,0,25,41,14,17
2019-07-21,34,45,30,27,20,67,0,17,0,33,36,48,29,17,54,47,0,20,35,18,0,24,24,40,26,28,47,58,54,46,0,15,69,30,45,0,20,31,20,0,53,18,0,33,0,59,92,43,35,0,27,11,45,43,52,37,45,34,61,64,25,23,0,36,14,40,47,22,44,0,22,22,18,0,25,32,11,35
2019-07-28,45,44,22,26,0,73,29,17,0,52,54,72,51,17,23,17,0,23,22,44,0,24,23,32,26,19,19,46,23,66,18,15,39,44,26,0,20,41,0,28,20,0,36,0,18,44,0,28,35,53,21,0,30,42,33,45,46,0,61,25,26,34,22,35,9,40,37,55,22,0,43,29,0,0,25,35,11,17
2019-08-04,30,33,44,70,40,69,29,0,17,39,18,53,42,17,42,12,0,21,17,35,24,23,0,0,51,37,28,76,46,27,27,0,39,0,19,20,20,40,20,0,39,36,36,16,0,35,0,42,34,0,10,10,59,51,51,59,22,22,64,0,0,0,30,36,14,73,49,22,22,32,54,21,27,0,0,46,15,23
2019-08-11,22,43,43,34,19,76,27,16,48,19,35,52,40,16,41,11,0,20,59,34,0,23,0,34,25,24,27,59,44,69,0,0,47,56,55,0,19,39,0,0,25,0,17,26,17,51,43,28,50,0,30,10,29,23,72,43,22,32,73,24,24,21,22,0,18,44,36,42,21,0,21,0,35,33,73,34,9,17
2019-08-18,36,35,50,34,0,57,0,49,16,19,34,68,49,0,37,11,0,10,33,25,0,23,0,38,24,18,24,73,22,57,26,14,28,28,37,19,0,29,19,0,66,60,43,39,0,45,43,54,0,100,10,0,28,36,63,85,22,0,80,48,24,0,22,34,13,35,21,21,21,21,42,21,46,0,24,42,10,33
2019-08-25,21,55,41,33,18,55,0,16,16,30,17,25,16,0,68,14,0,16,32,41,22,22,22,29,0,0,17,42,21,78,33,13,72,67,35,28,19,47,0,0,0,33,33,23,22,38,42,20,64,32,10,10,0,43,39,41,28,21,60,23,47,21,28,33,9,28,20,40,40,20,40,30,17,0,70,42,20,16
2019-09-01,27,20,20,16,18,42,52,15,31,35,32,32,23,15,66,21,0,28,31,24,22,32,0,22,23,17,0,28,21,73,16,0,79,0,17,18,18,37,37,33,36,16,25,37,16,37,0,13,0,0,19,10,0,34,34,40,83,21,72,34,0,0,34,0,8,67,28,26,20,20,33,20,33,0,34,38,20,21
2019-09-08,20,40,53,31,18,53,26,15,23,29,48,21,45,15,45,21,0,9,47,24,21,21,32,21,45,17,34,20,34,37,16,13,65,26,34,27,18,36,0,17,26,16,40,0,31,55,81,50,0,31,19,9,26,17,29,53,30,30,68,45,45,0,30,48,11,36,30,39,0,0,58,29,16,0,38,44,12,0
2019-09-15,30,39,59,70,35,35,25,45,30,46,16,16,30,15,48,41,0,19,34,31,0,21,0,21,67,0,17,61,20,48,0,0,30,39,45,0,18,63,18,16,46,16,24,22,15,36,80,12,30,0,9,0,26,45,37,78,27,30,54,34,0,0,20,0,8,41,19,19,0,0,19,0,32,30,22,40,10,46
2019-09-22,20,20,20,16,0,47,39,15,15,46,24,37,23,15,24,10,3,9,41,16,0,21,21,42,46,28,34,34,31,38,16,13,26,26,26,0,18,42,0,33,53,16,65,15,0,31,40,13,31,31,9,9,80,29,42,60,0,30,51,23,23,20,34,0,14,30,33,29,19,0,20,20,16,31,57,33,7,39
2019-09-29,40,100,59,16,27,30,43,30,15,41,16,48,46,15,41,16,0,9,47,39,21,42,0,0,46,0,22,75,20,48,32,13,65,52,34,18,18,36,18,33,41,16,40,25,16,37,41,13,31,0,14,9,27,25,59,40,20,34,48,0,23,20,20,32,0,50,55,19,20,20,26,0,16,30,23,38,11,31
2019-10-06,34,67,70,40,18,36,39,15,31,23,16,43,26,0,38,10,4,15,47,24,21,21,21,36,0,17,17,48,21,27,16,13,48,79,26,0,18,37,0,0,47,16,16,0,24,48,41,38,31,0,0,9,27,42,34,27,41,0,45,23,23,20,20,32,13,64,28,30,0,0,39,39,22,0,53,29,10,26
2019-10-13,20,60,60,32,18,45,39,30,23,12,16,64,15,30,31,21,0,23,35,32,21,21,21,21,0,25,34,48,31,49,16,0,26,35,17,0,30,36,18,100,27,0,65,30,16,37,61,13,31,0,10,10,27,34,46,40,20,20,61,23,45,20,20,32,0,55,22,20,19,0,33,0,33,31,30,39,11,24
2019-10-20,20,39,0,0,18,29,25,15,15,23,21,48,30,0,24,31,3,10,35,23,0,0,21,21,22,17,33,20,27,42,0,0,39,52,45,18,18,24,0,25,58,16,40,14,31,47,80,12,31,0,9,0,0,46,46,30,50,20,57,37,45,27,20,32,8,57,35,19,39,19,29,19,16,0,0,32,10,31
2019-10-27,40,33,33,16,0,47,0,0,0,11,32,26,30,15,34,10,3,8,35,16,0,21,21,42,23,33,17,20,20,42,0,0,39,64,34,18,0,18,18,25,17,0,24,15,16,39,0,19,0,0,19,0,26,54,33,59,20,20,40,22,22,0,30,32,8,44,33,39,38,29,39,19,24,0,22,31,9,46
2019-11-03,33,39,29,31,18,29,0,15,15,46,32,37,40,15,34,10,3,13,42,31,21,42,21,21,22,0,17,47,20,32,16,13,38,26,34,18,0,72,18,81,46,16,56,24,15,36,40,37,61,31,14,0,0,29,56,52,20,20,60,22,22,0,20,0,8,63,37,26,19,19,51,0,0,0,22,34,8,31
2019-11-10,33,32,26,30,51,26,49,22,0,11,31,41,15,15,37,17,7,13,28,46,21,20,0,21,44,16,16,50,39,52,16,0,46,25,38,17,18,35,17,32,28,23,62,14,23,61,39,31,30,30,18,9,0,32,41,38,0,29,39,33,33,19,0,47,8,35,35,28,47,38,57,0,16,59,22,40,7,35
2019-11-17,40,77,32,46,17,23,25,15,14,22,16,52,29,15,40,10,3,23,34,31,21,31,0,31,33,16,0,67,30,16,16,13,30,25,17,17,0,29,18,49,51,31,71,14,15,36,40,37,30,0,14,9,26,49,49,26,40,39,69,0,33,20,20,31,8,43,38,25,0,0,44,19,24,30,22,44,7,46
2019-11-24,28,75,75,32,0,55,0,16,0,36,0,33,62,0,46,0,7,12,28,57,22,22,22,22,23,0,17,74,21,17,17,22,45,0,35,0,19,28,0,25,48,0,50,15,24,38,0,26,32,0,15,0,27,47,32,41,0,28,42,23,23,0,21,66,8,34,30,20,20,0,20,20,17,0,31,24,8,43
2019-12-01,19,38,77,0,34,26,37,0,14,17,46,31,15,15,23,0,6,13,34,45,0,0,20,20,0,0,16,33,33,46,0,0,46,25,27,0,17,35,17,32,28,0,31,14,15,20,39,18,0,0,9,0,25,48,44,38,19,19,62,0,29,19,0,31,8,34,32,47,0,19,31,19,0,0,43,32,9,22
2019-12-08,26,58,52,15,23,35,25,15,0,28,23,52,22,0,30,10,6,20,19,46,0,31,0,0,0,33,16,60,50,21,16,0,25,42,33,0,35,35,18,40,34,16,23,36,23,23,0,25,30,45,14,9,0,45,66,39,20,20,30,22,22,20,20,31,12,45,27,25,38,19,44,19,0,0,44,32,7,15
2019-12-15,41,46,33,16,18,24,0,15,15,12,16,32,23,30,58,10,9,10,35,16,21,21,0,21,0,17,33,41,41,24,0,13,30,26,45,36,18,18,37,0,59,16,64,15,31,16,41,0,31,31,0,19,40,21,38,30,20,30,51,23,0,20,0,32,8,36,49,29,0,20,49,19,24,92,23,34,10,31
2019-12-22,23,37,45,53,0,20,29,0,17,59,54,63,23,26,27,23,23,12,33,0,32,24,0,24,51,0,56,100,23,36,0,0,29,44,32,20,20,31,41,56,73,0,73,33,18,24,46,14,70,0,21,11,30,24,42,37,0,0,69,0,25,23,23,36,18,22,37,44,0,44,66,0,0,0,38,19,11,17
2019-12-29,21,41,69,24,18,49,40,16,16,36,41,58,24,26,100,11,84,23,24,24,0,44,22,22,24,17,0,71,53,100,25,0,67,27,47,0,19,44,19,34,73,17,59,23,16,38,42,26,0,32,15,10,27,33,70,48,21,21,81,47,24,21,31,50,9,46,26,40,30,0,20,40,25,0,70,36,13,48
2020-01-05,20,64,67,15,34,26,25,29,15,45,47,36,15,20,57,10,46,12,30,15,21,61,21,27,0,16,16,89,20,36,0,0,42,0,39,17,35,53,17,16,42,0,31,14,23,25,39,12,30,30,9,0,76,36,53,26,19,20,52,33,58,20,19,0,8,45,48,28,19,0,28,19,26,0,36,43,11,22
2020-01-12,19,64,49,22,16,44,24,28,14,21,15,30,47,0,43,19,16,25,29,58,0,0,19,39,21,16,16,38,19,49,15,12,24,24,71,0,17,42,17,31,43,15,37,27,14,43,75,23,28,29,26,9,0,35,66,18,19,25,75,31,21,18,18,0,8,28,23,24,18,18,36,0,25,0,21,40,10,36
2020-01-19,46,60,0,0,40,0,58,0,34,0,36,55,69,0,23,23,20,26,53,36,48,0,96,0,51,0,0,93,70,61,36,0,79,0,58,0,41,41,0,0,80,0,73,100,71,89,0,29,0,0,0,21,0,100,100,45,46,0,46,51,77,0,46,72,0,25,44,0,0,44,88,44,74,69,77,35,22,35
