date,how to recycle Aerosol Cans - Full,how to recycle Air Conditioners,how to recycle Alkaline Batteries,how to recycle Aluminum Beverage Cans,how to recycle Aluminum Foil,how to recycle Button Cell Batteries,how to recycle CD Cases,how to recycle CD Players,how to recycle CDs,how to recycle CFLs,how to recycle CRT Computer Monitors,how to recycle CRT Televisions,how to recycle Cables,how to recycle Calculators,how to recycle Candy Wrappers,how to recycle Car Batteries,how to recycle Car Fluids,how to recycle Carpet,how to recycle Carpet Padding,how to recycle Cassette Players,how to recycle Cassette Tapes,how to recycle Ceiling Tiles,how to recycle Cell Phone Accessories,how to recycle Cell Phones,how to recycle Ceramic Tile,how to recycle Chemistry Sets,how to recycle Chip Bags,how to recycle Christmas Trees,how to recycle Cigarettes,how to recycle Clear Glass Beverage Containers,how to recycle Clear Glass Containers,how to recycle Clothing,how to recycle Compostable Plastics,how to recycle Computer Peripherals - External,how to recycle Computer Peripherals - Internal,how to recycle Concrete,how to recycle Construction Debris,how to recycle Construction Materials,how to recycle Contaminated Soil,how to recycle Contaminated Wood,how to recycle Controlled Substances,how to recycle Cooking Oil,how to recycle Cookware,how to recycle Corks,how to recycle Corrugated Cardboard,how to recycle Crayons,how to recycle Curling Irons,how to recycle DVD Players,how to recycle DVDs,how to recycle Dehumidifiers,how to recycle Drink Pouches,how to recycle Electronic Servers,how to recycle Engine Degreasers,how to recycle Envelopes,how to recycle Exit Signs,how to recycle Explosives,how to recycle Eyeglasses,how to recycle Fabric,how to recycle Ferrous Metals,how to recycle Fertilizers,how to recycle Fire Extinguishers,how to recycle Flip-Flops,how to recycle Floppy Disks,how to recycle Fluorescent Tubes,how to recycle Freezers,how to recycle Green Glass Beverage Containers,how to recycle Green Glass Containers,how to recycle Gypsum Drywall,how to recycle HHW,how to recycle Hair,how to recycle Latex Foam Pillows,how to recycle Latex Paint,how to recycle Lead Paint Chips,how to recycle Lead-acid Batteries - Non-automotive,how to recycle Leaves,how to recycle Linoleum,how to recycle Lithium Batteries,how to recycle Lithium-ion Batteries,how to recycle Lumber,how to recycle MP3 Players,how to recycle Magazines,how to recycle Manure,how to recycle Marine Batteries,how to recycle Mattresses,how to recycle Medical Equipment - Handheld,how to recycle Motor Oil,how to recycle Motor Oil Containers,how to recycle Multi-wall Paper Bags,how to recycle Musical Instruments - Metal,how to recycle Musical Instruments - Non-metal,how to recycle Nail Polish,how to recycle Nail Polish Removers,how to recycle Neon Lights,how to recycle Newspaper,how to recycle Nickel-cadmium Batteries,how to recycle Power Tools,how to recycle Printers,how to recycle Projectors,how to recycle Propane Tanks,how to recycle Radiators,how to recycle Shoes,how to recycle Silver-oxide Batteries,how to recycle Six-pack Rings,how to recycle Small Appliances,how to recycle Smoke Detectors,how to recycle Telephones,how to recycle Television Accessories,how to recycle Tennis Balls,how to recycle Tile,how to recycle Tires,how to recycle Toasters,how to recycle Toner Cartridges,how to recycle Tools,how to recycle Toothbrushes,how to recycle Toothpaste Tubes,how to recycle Toys,how to recycle Transmission Fluid,how to recycle Trophies,how to recycle Truck Tires,how to recycle Two-Way Radios,how to recycle Washer/Dryers,how to recycle Water Filters,how to recycle Weeds,how to recycle Wet-strength Paperboard,how to recycle Windows,how to recycle Wood,how to recycle Wood Chips,how to recycle Wood Furnishings,how to recycle Wood Stains,how to recycle X-rays
2015-01-25,0,0,0,0,0,0,0,0,26,0,0,0,0,0,0,0,0,0,0,0,0,0,0,24,0,0,0,0,0,0,0,35,0,0,0,33,0,0,0,0,0,0,0,0,0,0,0,0,0,0,0,0,0,0,0,0,0,0,0,0,0,0,0,0,0,0,0,0,0,29,0,0,0,0,0,0,0,0,0,0,48,0,0,0,0,35,0,0,0,0,0,0,0,26,0,0,0,0,0,0,0,0,0,0,0,0,0,0,0,26,0,31,0,0,0,35,0,0,0,0,0,4,0,0,80,39,0,0,0,0
2015-02-01,0,0,52,0,0,0,0,0,26,0,0,0,0,0,0,36,0,36,0,0,0,0,0,49,0,0,0,0,0,0,0,35,0,0,0,0,0,0,0,0,0,39,0,0,0,0,0,0,0,0,0,0,0,0,0,0,0,35,0,0,0,0,0,0,0,0,0,0,0,29,0,0,0,0,0,0,31,0,0,0,49,0,0,0,0,35,0,0,0,0,0,0,0,26,0,0,34,0,0,0,20,0,0,0,0,0,0,0,0,35,0,31,0,0,0,36,0,0,0,0,0,4,0,0,85,27,0,0,0,0
2015-02-08,0,0,0,0,0,0,0,0,61,0,0,0,0,0,0,0,0,72,0,0,0,0,0,24,0,0,0,0,0,0,0,0,0,0,0,33,0,0,0,0,0,0,0,0,0,0,0,0,0,0,0,0,0,0,0,0,0,35,0,0,0,0,0,0,0,0,0,0,0,29,0,0,0,0,52,0,0,0,0,0,0,0,0,0,0,0,0,0,0,0,26,0,0,26,0,0,34,0,0,0,19,0,0,0,0,0,0,0,26,26,0,31,0,0,0,36,0,0,0,0,0,4,0,0,53,40,0,0,0,0
2015-02-15,0,0,0,0,0,0,0,0,26,0,0,0,0,0,0,36,0,0,0,0,0,0,0,25,0,0,0,0,0,0,0,36,0,0,0,34,0,0,0,0,0,79,0,0,0,0,0,0,99,0,0,0,0,0,0,0,0,36,0,0,0,0,0,0,0,0,0,0,0,30,0,0,0,0,0,0,0,0,0,0,0,0,0,0,0,72,0,0,0,0,0,0,0,27,0,0,0,0,0,0,0,0,0,0,0,0,0,0,0,40,0,47,62,0,0,36,0,0,0,0,0,0,0,0,73,54,0,0,0,0
2015-02-22,0,0,0,0,0,0,0,0,52,0,0,0,0,0,0,0,0,71,0,0,0,0,0,24,0,0,0,0,0,0,0,35,0,0,0,65,0,0,0,0,0,58,0,0,0,0,0,0,0,0,0,0,0,0,0,0,0,35,0,0,0,0,0,30,0,0,0,0,0,43,0,0,0,0,0,0,0,0,0,0,48,0,0,0,0,35,0,0,0,0,0,0,0,52,0,0,34,0,0,0,20,0,0,0,0,0,0,0,0,52,0,60,31,0,0,36,0,0,0,0,0,0,0,0,80,0,0,0,0,0
2015-03-01,0,0,0,0,0,0,0,0,26,0,0,0,35,0,0,0,0,0,0,0,0,0,0,36,0,0,0,0,0,0,0,35,0,0,0,33,0,0,0,0,0,38,0,0,0,0,0,0,0,0,0,0,0,0,0,0,0,35,0,0,0,0,0,0,0,0,0,0,0,73,0,0,0,0,0,0,30,0,0,0,48,0,0,0,0,35,0,0,0,0,26,0,0,26,0,0,34,0,0,0,58,0,0,0,0,0,0,0,0,26,0,0,30,0,0,35,0,0,0,0,0,0,0,0,93,35,0,0,0,0
2015-03-08,0,0,51,0,0,0,0,0,26,0,0,0,0,0,0,35,0,35,0,0,0,0,0,36,0,0,0,0,0,0,0,0,0,0,0,33,0,0,0,0,0,0,0,0,0,0,0,0,0,0,0,0,0,0,0,0,0,35,0,0,0,0,0,0,0,0,0,0,0,29,0,0,0,0,0,0,30,0,0,0,48,0,0,0,0,35,0,0,0,0,0,0,0,52,0,0,0,0,0,0,0,0,0,0,0,0,0,0,0,26,0,61,30,0,0,35,0,0,0,0,0,0,0,0,79,52,0,0,0,0
2015-03-15,0,0,51,0,0,0,0,0,0,0,0,0,35,0,0,0,0,35,0,0,0,0,0,24,0,0,0,0,0,0,0,34,0,0,0,0,0,0,0,0,0,38,0,0,0,0,0,0,0,0,0,0,0,0,0,0,0,35,0,0,0,0,0,0,0,0,0,0,0,43,0,0,0,0,51,0,0,0,0,0,48,0,0,0,0,35,0,0,0,0,0,0,0,52,0,0,34,0,0,0,0,0,0,0,0,0,0,0,0,52,0,30,60,0,0,0,0,0,0,0,0,4,0,0,63,26,0,0,0,0
2015-03-22,0,0,0,0,0,0,0,0,28,0,0,0,38,0,0,0,0,0,0,0,0,0,0,52,0,0,0,0,0,0,0,37,0,0,0,0,0,0,0,0,0,42,0,0,0,0,0,0,52,0,0,0,0,0,0,0,0,37,0,0,0,0,0,0,0,0,0,0,0,31,0,0,0,0,0,0,0,0,0,0,52,0,0,0,0,0,0,0,0,0,28,0,0,28,0,0,0,0,0,0,21,0,0,0,0,0,0,0,28,42,0,0,33,0,0,0,0,0,0,0,0,5,0,0,86,38,0,0,0,0
2015-03-29,0,0,54,0,0,0,0,0,36,0,0,0,0,0,0,0,0,37,0,0,0,0,0,25,0,0,0,0,0,0,0,36,0,0,0,34,0,0,0,0,0,61,0,0,0,0,0,0,0,0,0,0,0,0,0,0,0,36,0,0,0,0,0,0,0,0,0,0,0,30,0,0,0,0,0,0,0,0,0,0,0,0,0,0,0,55,0,0,0,0,40,0,0,27,0,0,36,0,35,0,20,0,0,0,0,0,0,0,0,81,0,31,31,0,0,37,0,0,0,0,0,0,0,0,72,45,0,0,0,0
2015-04-05,0,0,0,0,0,0,0,0,26,0,0,0,0,0,0,0,0,0,0,0,0,0,0,50,0,0,0,0,0,0,0,53,0,0,0,0,0,0,0,0,0,39,0,0,0,0,0,0,0,0,0,0,0,0,0,0,0,70,0,0,0,0,0,61,0,0,0,0,0,60,0,0,0,0,0,0,0,0,0,0,49,0,0,0,0,0,0,0,0,0,0,0,0,26,0,0,34,0,34,0,19,0,0,0,0,0,0,0,26,26,0,31,31,0,0,0,0,0,0,0,0,0,0,0,95,53,0,0,0,0
2015-04-12,0,0,0,0,0,0,0,0,26,0,0,0,35,0,0,36,0,71,0,0,0,0,0,24,0,0,0,0,0,0,0,0,0,0,0,0,0,0,0,0,0,0,0,0,0,0,0,0,0,0,0,0,0,0,0,0,0,35,0,0,0,0,0,30,0,0,0,0,0,29,0,0,0,0,0,0,0,0,0,0,48,0,0,0,0,0,0,0,0,0,0,0,0,35,0,0,34,0,68,0,0,0,0,0,0,0,0,0,0,78,0,0,0,0,0,0,0,0,0,0,0,4,0,0,76,0,0,0,0,0
2015-04-19,0,0,52,0,0,0,0,0,26,0,0,0,0,0,0,0,0,36,0,0,0,0,0,24,0,0,0,0,0,0,0,35,0,0,0,55,0,0,0,0,0,39,0,0,0,0,0,0,0,0,0,0,0,53,0,0,0,35,0,0,0,0,0,30,0,0,0,0,0,29,0,0,0,0,0,0,0,0,0,0,48,0,0,0,0,35,0,0,0,0,26,0,0,35,0,0,51,0,34,0,58,0,0,0,0,0,0,0,26,35,0,30,30,0,0,36,0,0,0,0,0,0,0,0,72,26,0,0,0,0
2015-04-26,0,0,0,0,0,0,0,0,26,0,0,0,0,0,0,0,0,36,0,0,0,0,0,33,0,0,0,0,0,0,0,35,0,0,0,0,0,0,0,0,0,39,0,0,0,0,0,0,0,0,0,0,0,0,0,0,0,36,0,0,0,0,0,0,0,0,0,0,0,59,0,0,0,0,0,0,31,0,0,0,49,0,0,0,0,36,0,0,0,0,0,0,0,27,0,0,52,0,0,0,0,0,0,0,0,0,0,0,26,44,0,31,31,0,0,36,0,0,0,0,0,0,0,0,77,27,0,0,0,0
2015-05-03,0,0,0,0,0,0,0,0,26,0,0,0,0,0,0,0,0,0,0,0,0,0,0,25,0,0,0,0,0,0,0,35,0,0,0,34,0,0,0,0,0,0,0,0,0,0,0,0,0,0,0,0,0,54,0,0,0,35,0,0,0,0,0,92,0,0,0,0,0,58,0,0,0,0,0,0,31,0,0,0,0,0,0,0,0,36,0,0,0,0,0,0,0,35,0,0,35,0,0,0,20,0,0,0,0,0,0,0,0,26,0,31,31,0,0,36,0,0,0,0,0,4,0,0,56,66,0,0,0,0
2015-05-10,0,0,0,0,0,0,0,0,39,0,0,0,0,0,0,0,0,36,0,0,0,0,0,49,0,0,0,0,0,0,0,0,0,0,0,33,0,0,0,0,0,78,0,0,0,0,0,0,73,0,0,0,0,0,0,0,0,35,0,0,0,0,0,30,0,0,0,0,0,59,0,0,0,0,52,0,0,0,0,0,48,0,0,0,0,70,0,0,0,0,26,0,0,79,0,0,0,0,34,0,20,0,0,0,0,0,0,0,0,0,0,31,31,0,0,0,0,0,0,0,0,0,0,0,80,53,0,0,0,0
2015-05-17,0,0,0,0,0,0,0,0,0,0,0,0,0,0,0,35,0,35,0,0,0,0,0,24,0,0,0,0,0,0,0,35,0,0,0,33,0,0,0,0,0,0,0,0,0,0,0,0,0,0,0,0,0,0,0,0,0,70,0,0,0,0,0,0,0,0,0,0,0,58,0,0,0,0,0,0,31,0,0,0,0,0,0,0,0,35,0,0,0,0,0,0,0,26,0,0,0,0,0,0,19,0,0,0,0,0,0,0,0,51,0,30,30,0,0,35,0,0,0,0,0,0,0,0,73,39,0,0,0,0
2015-05-24,0,0,52,0,0,0,0,0,26,0,0,0,0,0,0,35,0,35,0,0,0,0,0,24,0,0,0,0,0,0,0,0,0,0,0,33,0,0,0,0,0,39,0,0,0,0,0,0,48,0,0,0,0,0,0,0,0,69,0,0,0,0,0,60,0,0,0,0,0,29,0,0,0,0,51,0,30,0,0,0,48,0,0,0,0,35,0,0,0,0,0,0,0,26,0,0,34,0,0,0,19,0,0,0,0,0,0,0,0,26,0,0,0,0,0,0,0,0,0,0,0,4,0,0,77,35,0,0,0,0
2015-05-31,0,0,53,0,0,0,0,0,26,0,0,0,0,0,0,36,0,36,0,0,0,0,0,0,0,0,0,0,0,0,0,0,0,0,0,67,0,0,0,0,0,0,0,0,0,0,0,0,48,0,0,0,0,0,0,0,0,0,0,0,0,0,0,31,0,0,0,0,0,29,0,0,0,0,52,0,0,0,0,0,49,0,0,0,0,0,0,0,0,0,0,0,0,26,0,0,0,0,35,0,19,0,0,0,0,0,0,0,0,26,0,62,0,0,0,36,0,0,0,0,0,0,0,0,76,27,0,0,0,0
2015-06-07,0,0,0,0,0,0,0,0,39,0,0,0,0,0,0,35,0,0,0,0,0,0,0,0,0,0,0,0,0,0,0,52,0,0,0,33,0,0,0,0,0,39,0,0,0,0,0,0,48,0,0,0,0,0,0,0,0,35,0,0,0,0,0,0,0,0,0,0,0,29,0,0,0,0,0,0,30,0,0,0,0,0,0,0,0,35,0,0,0,0,0,0,0,0,0,0,0,0,34,0,19,0,0,0,0,0,0,0,26,39,0,61,0,0,0,35,0,0,0,0,0,0,0,0,51,40,0,0,0,0
2015-06-14,0,0,52,0,0,0,0,0,39,0,0,0,0,0,0,0,0,0,0,0,0,0,0,0,0,0,0,0,0,0,0,70,0,0,0,33,0,0,0,0,0,0,0,0,0,0,0,0,97,0,0,0,0,54,0,0,0,0,0,0,0,0,0,0,0,0,0,0,0,59,0,0,0,0,0,0,0,0,0,0,64,0,0,0,0,35,0,0,0,0,0,0,0,26,0,0,34,0,34,0,0,0,0,0,0,0,0,0,26,52,0,61,30,0,0,0,0,0,0,0,0,8,0,0,76,40,0,0,0,0
2015-06-21,0,0,52,0,0,0,0,0,26,0,0,0,35,0,0,36,0,0,0,0,0,0,0,49,0,0,0,0,0,0,0,70,0,0,0,33,0,0,0,0,0,0,0,0,0,0,0,0,49,0,0,0,0,0,0,0,0,35,0,0,0,0,0,45,0,0,0,0,0,44,0,0,0,0,51,0,0,0,0,0,48,0,0,0,0,35,0,0,0,0,0,0,0,26,0,0,34,0,68,0,0,0,0,0,0,0,0,0,26,26,0,31,30,0,0,0,0,0,0,0,0,0,0,0,74,35,0,0,0,0
2015-06-28,0,0,0,0,0,0,0,0,27,0,0,0,0,0,0,0,0,0,0,0,0,0,0,24,0,0,0,0,0,0,0,0,0,0,0,33,0,0,0,0,0,0,0,0,0,0,0,0,50,0,0,0,0,0,0,0,0,35,0,0,0,0,0,31,0,0,0,0,0,30,0,0,0,0,52,0,0,0,0,0,49,0,0,0,0,0,0,0,0,0,26,0,0,26,0,0,35,0,35,0,20,0,0,0,0,0,0,0,27,53,0,63,31,0,0,37,0,0,0,0,0,0,0,0,75,0,0,0,0,0
2015-07-05,0,0,52,0,0,0,0,0,39,0,0,0,35,0,0,0,0,0,0,0,0,0,0,24,0,0,0,0,0,0,0,52,0,0,0,0,0,0,0,0,0,0,0,0,0,0,0,0,48,0,0,0,0,0,0,0,0,35,0,0,0,0,0,30,0,0,0,0,0,58,0,0,0,0,52,0,0,0,0,0,0,0,0,0,0,70,0,0,0,0,0,0,0,0,0,0,0,0,0,0,19,0,0,0,0,0,0,0,39,26,0,31,31,0,0,36,0,0,0,0,0,0,0,0,72,26,0,0,0,0
2015-07-12,0,0,0,0,0,0,0,0,40,0,0,0,71,0,0,36,0,73,0,0,0,0,0,37,0,0,0,0,0,0,0,35,0,0,0,34,0,0,0,0,0,39,0,0,0,0,0,0,0,0,0,0,0,0,0,0,0,36,0,0,0,0,0,31,0,0,0,0,0,30,0,0,0,0,0,0,0,0,0,0,49,0,0,0,0,36,0,0,0,0,0,0,0,27,0,0,35,0,35,0,0,0,0,0,0,0,0,0,0,26,0,62,0,0,0,36,0,0,0,0,0,0,0,0,73,54,0,0,0,0
2015-07-19,0,0,0,0,0,0,0,0,35,0,0,0,36,0,0,36,0,0,0,0,0,0,0,0,0,0,0,0,0,0,0,71,0,0,0,0,0,0,0,0,0,39,0,0,0,0,0,0,0,0,0,0,0,0,0,0,0,0,0,0,0,0,0,31,0,0,0,0,0,30,0,0,0,0,53,0,0,0,0,0,0,0,0,0,0,71,0,0,0,0,0,0,0,27,0,0,35,0,0,0,20,0,0,0,0,0,0,0,27,53,0,0,31,0,0,0,0,0,0,0,0,0,0,0,73,36,0,0,0,0
2015-07-26,0,0,52,0,0,0,0,0,39,0,0,0,35,0,0,35,0,0,0,0,0,0,0,36,0,0,0,0,0,0,0,0,0,0,0,0,0,0,0,0,0,0,0,0,0,0,0,0,48,0,0,0,0,0,0,0,0,35,0,0,0,0,0,30,0,0,0,0,0,29,0,0,0,0,0,0,31,0,0,0,0,0,0,0,0,35,0,0,0,0,26,0,0,26,0,0,0,0,68,0,19,0,0,0,0,0,0,0,26,52,0,30,30,0,0,36,0,0,0,0,0,4,0,0,97,26,0,0,0,0
2015-08-02,0,0,0,0,0,0,0,0,0,0,0,0,35,0,0,36,0,0,0,0,0,0,0,24,0,0,0,41,0,0,0,0,0,0,0,33,0,0,0,0,0,0,0,0,0,0,0,0,49,0,0,0,0,0,0,0,0,35,0,0,0,0,0,0,0,0,0,0,0,0,0,0,0,0,52,0,0,0,0,0,0,0,0,0,0,35,0,0,0,0,26,0,0,26,0,0,34,0,0,0,39,0,0,0,0,0,0,0,26,26,0,31,61,0,0,0,0,0,0,0,0,0,0,0,95,40,0,0,0,0
2015-08-09,0,0,0,0,0,0,0,0,26,0,0,0,0,0,0,0,0,0,0,0,0,0,0,24,0,0,0,41,0,0,0,35,0,0,0,33,0,0,0,0,0,0,0,0,0,0,0,0,48,0,0,0,0,0,0,0,0,0,0,0,0,0,0,0,0,0,0,0,0,0,0,0,0,0,0,0,0,0,0,0,48,0,0,0,0,35,0,0,0,0,26,0,0,52,0,0,34,0,34,0,29,0,0,0,0,0,0,0,26,26,0,46,30,0,0,0,0,0,0,0,0,4,0,0,93,26,0,0,0,0
2015-08-16,0,0,0,0,0,0,0,0,38,0,0,0,0,0,0,35,0,0,0,0,0,0,0,24,0,0,0,0,0,0,0,69,0,0,0,33,0,0,0,0,0,38,0,0,0,0,0,0,0,0,0,0,0,0,0,0,0,34,0,0,0,0,0,30,0,0,0,0,0,38,0,0,0,0,0,0,0,0,0,0,0,0,0,0,0,0,0,0,0,0,0,0,0,26,0,0,34,0,34,0,0,0,0,0,0,0,0,0,0,39,0,30,30,0,0,35,0,0,0,0,0,0,0,0,100,52,0,0,0,0
2015-08-23,0,0,0,0,0,0,0,0,34,0,0,0,0,0,0,35,0,0,0,0,0,0,0,23,0,0,0,0,0,0,0,34,0,0,0,0,0,0,0,0,0,38,0,0,0,0,0,0,47,0,0,0,0,52,0,0,0,34,0,0,0,0,0,0,0,0,0,0,0,38,0,0,0,0,50,0,30,0,0,0,47,0,0,0,0,34,0,0,0,0,0,0,0,25,0,0,0,0,67,0,19,0,0,0,0,0,0,0,0,25,0,0,30,0,0,35,0,0,0,0,0,0,0,0,82,26,0,0,0,0
2015-08-30,0,0,50,0,0,0,0,0,76,0,0,0,34,0,0,0,0,34,0,0,0,0,0,24,0,0,0,0,0,0,0,0,0,0,0,32,0,0,0,0,0,38,0,0,0,0,0,0,47,0,0,0,0,0,0,0,0,34,0,0,0,0,0,0,0,0,0,0,0,28,0,0,0,0,0,0,30,0,0,0,47,0,0,0,0,34,0,0,0,0,51,0,0,38,0,0,33,0,0,0,28,0,0,0,0,0,0,0,25,25,0,30,30,0,0,35,0,0,0,0,0,0,0,0,80,26,0,0,0,0
2015-09-06,0,0,50,0,0,0,0,0,25,0,0,0,0,0,0,34,0,35,0,0,0,0,0,23,0,0,0,0,0,0,0,100,0,0,0,0,0,0,0,0,0,38,0,0,0,0,0,0,47,0,0,0,0,52,0,0,0,34,0,0,0,0,0,0,0,0,0,0,0,28,0,0,0,0,99,0,0,0,0,0,47,0,0,0,0,0,0,0,0,0,0,0,0,25,0,0,33,0,0,0,0,0,0,0,0,0,0,0,25,50,0,0,29,0,0,0,0,0,0,0,0,0,0,0,100,25,0,0,0,0
2015-09-13,0,0,49,0,0,0,0,0,32,0,0,0,0,0,0,34,0,34,0,0,0,0,0,0,0,0,0,0,0,0,0,33,0,0,0,31,0,0,0,0,0,0,0,0,0,0,0,0,0,0,0,0,0,0,0,0,0,33,0,0,0,0,0,0,0,0,0,0,0,28,0,0,0,0,48,0,29,0,0,0,0,0,0,0,0,0,0,0,0,0,0,0,0,33,0,0,32,0,0,0,18,0,0,0,0,0,0,0,0,24,0,29,29,0,0,33,0,0,0,0,0,0,0,0,89,50,0,0,0,0
2015-09-20,0,0,49,0,0,0,0,0,37,0,0,0,0,0,0,0,0,0,0,0,0,0,0,23,0,0,0,0,0,0,0,50,0,0,0,31,0,0,0,0,0,37,0,0,0,0,0,0,0,0,0,0,0,0,0,0,0,33,0,0,0,0,0,0,0,0,0,0,0,28,0,0,0,0,0,0,0,0,0,0,0,0,0,0,0,0,0,0,0,0,0,0,0,0,0,0,0,0,32,0,19,0,0,0,0,0,0,0,25,25,0,0,0,0,0,68,0,0,0,0,0,0,0,0,78,50,0,0,0,0
2015-09-27,0,0,49,0,0,0,0,0,0,0,0,0,0,0,0,33,0,100,0,0,0,0,0,23,0,0,0,0,0,0,0,65,0,0,0,0,0,0,0,0,0,73,0,0,0,0,0,0,45,0,0,0,0,100,0,0,0,98,0,0,0,0,0,42,0,0,0,0,0,27,0,0,0,0,48,0,0,0,0,0,45,0,0,0,0,0,0,0,0,0,0,0,0,61,0,0,32,0,0,0,36,0,0,0,0,0,0,0,24,41,0,57,28,0,0,33,0,0,0,0,0,6,0,0,67,49,0,0,0,0
2015-10-04,0,0,0,0,0,0,0,0,24,0,0,0,0,0,0,0,0,33,0,0,0,0,0,22,0,0,0,0,0,0,0,32,0,0,0,31,0,0,0,0,0,0,0,0,0,0,0,0,0,0,0,0,0,0,0,0,0,32,0,0,0,0,0,28,0,0,0,0,0,27,0,0,0,0,0,0,28,0,0,0,45,0,0,0,0,33,0,0,0,0,0,0,0,24,0,0,32,0,0,0,27,0,0,0,0,0,0,0,0,36,0,57,28,0,0,50,0,0,0,0,0,0,0,0,53,33,0,0,0,0
2015-10-11,0,0,0,0,0,0,0,0,24,0,0,0,33,0,0,0,0,0,0,0,0,0,0,23,0,0,0,0,0,0,0,65,0,0,0,0,0,0,0,0,0,0,0,0,0,0,0,0,45,0,0,0,0,0,0,0,0,0,0,0,0,0,0,0,0,0,0,0,0,41,0,0,0,0,48,0,28,0,0,0,45,0,0,0,0,33,0,0,0,0,24,0,0,49,0,0,32,0,0,0,36,0,0,0,0,0,0,0,49,24,0,85,28,0,0,33,0,0,0,0,0,0,0,0,77,49,0,0,0,0
2015-10-18,0,0,48,0,0,0,0,0,47,0,0,0,0,0,0,0,0,33,0,0,0,0,0,22,0,0,0,0,0,0,0,48,0,0,0,0,0,0,0,0,0,36,0,0,0,0,0,0,0,0,0,0,0,0,0,0,0,32,0,0,0,0,0,28,0,0,0,0,0,54,0,0,0,0,47,0,0,0,0,0,89,0,0,0,0,32,0,0,0,0,0,0,0,24,0,0,31,0,31,0,18,0,0,0,0,0,0,0,0,24,0,28,56,0,0,0,0,0,0,0,0,4,0,0,87,48,0,0,0,0
2015-10-25,0,0,0,0,0,0,0,0,60,0,0,0,0,0,0,33,0,44,0,0,0,0,0,22,0,0,0,0,0,0,0,0,0,0,0,46,0,0,0,0,0,36,0,0,0,0,0,0,0,0,0,0,0,0,0,0,0,32,0,0,0,0,0,28,0,0,0,0,0,27,0,0,0,0,48,0,28,0,0,0,45,0,0,0,0,0,0,0,0,0,0,0,0,24,0,0,32,0,0,0,27,0,0,0,0,0,0,0,0,36,0,28,28,0,0,0,0,0,0,0,0,0,0,0,66,49,0,0,0,0
2015-11-01,0,0,0,0,0,0,0,0,24,0,0,0,0,0,0,66,0,33,0,0,0,0,0,45,0,0,0,37,0,0,0,48,0,0,0,31,0,0,0,0,0,36,0,0,0,0,0,0,0,0,0,0,0,0,0,0,0,32,0,0,0,0,0,0,0,0,0,0,0,27,0,0,0,0,48,0,28,0,0,0,44,0,0,0,0,33,0,0,0,0,24,0,0,36,0,0,32,0,0,0,0,0,0,0,0,0,0,0,0,24,0,28,0,0,0,0,0,0,0,0,0,0,0,0,74,24,0,0,0,0
2015-11-08,0,0,48,0,0,0,0,0,36,0,0,0,33,0,0,0,0,0,0,0,0,0,0,34,0,0,0,0,0,0,0,32,0,0,0,30,0,0,0,0,0,36,0,0,0,0,0,0,44,0,0,0,0,0,0,0,0,32,0,0,0,0,0,0,0,0,0,0,0,0,0,0,0,0,47,0,0,0,0,0,44,0,0,0,0,0,0,0,0,0,0,0,0,24,0,0,32,0,0,0,18,0,0,0,0,0,0,0,0,24,0,28,0,0,0,0,0,0,0,0,0,0,0,0,56,33,0,0,0,0
2015-11-15,0,0,48,0,0,0,0,0,24,0,0,0,0,0,0,0,0,0,0,0,0,0,0,44,0,0,0,37,0,0,0,0,0,0,0,40,0,0,0,0,0,36,0,0,0,0,0,0,0,0,0,0,0,49,0,0,0,64,0,0,0,0,0,28,0,0,0,0,0,27,0,0,0,0,47,0,0,0,0,0,44,0,0,0,0,0,0,0,0,0,0,0,0,24,0,0,31,0,31,0,0,0,0,0,0,0,0,0,24,72,0,42,28,0,0,33,0,0,0,0,0,4,0,0,64,24,0,0,0,0
2015-11-22,0,0,0,0,0,0,0,0,24,0,0,0,0,0,0,33,0,0,0,0,0,0,0,22,0,0,0,0,0,0,0,32,0,0,0,31,0,0,0,0,0,36,0,0,0,0,0,0,0,0,0,0,0,0,0,0,0,0,0,0,0,0,0,0,0,0,0,0,0,27,0,0,0,0,47,0,0,0,0,0,44,0,0,0,0,0,0,0,0,0,0,0,0,60,0,0,32,0,31,0,18,0,0,0,0,0,0,0,24,24,0,28,57,0,0,0,0,0,0,0,0,0,0,0,76,0,0,0,0,0
2015-11-29,0,0,47,0,0,0,0,0,24,0,0,0,0,0,0,0,0,0,0,0,0,0,0,0,0,0,0,37,0,0,0,64,0,0,0,30,0,0,0,0,0,36,0,0,0,0,0,0,0,0,0,0,0,0,0,0,0,75,0,0,0,0,0,28,0,0,0,0,0,27,0,0,0,0,0,0,0,0,0,0,0,0,0,0,0,0,0,0,0,0,24,0,0,24,0,0,31,0,0,0,0,0,0,0,0,0,0,0,0,24,0,28,0,0,0,32,0,0,0,0,0,4,0,0,77,24,0,0,0,0
2015-12-06,0,0,48,0,0,0,0,0,24,0,0,0,0,0,0,0,0,0,0,0,0,0,0,22,0,0,0,0,0,0,0,0,0,0,0,31,0,0,0,0,0,35,0,0,0,0,0,0,0,0,0,0,0,0,0,0,0,0,0,0,0,0,0,0,0,0,0,0,0,27,0,0,0,0,47,0,0,0,0,0,90,0,0,0,0,0,0,0,0,0,0,0,0,48,0,0,0,0,31,0,0,0,0,0,0,0,0,0,24,48,0,42,0,0,0,33,0,0,0,0,0,4,0,0,62,65,0,0,0,0
2015-12-13,0,0,0,0,0,0,0,0,24,0,0,0,0,0,0,33,0,0,0,0,0,0,0,0,0,0,0,0,0,0,0,0,0,0,0,31,0,0,0,0,0,37,0,0,0,0,0,0,46,0,0,0,0,0,0,0,0,66,0,0,0,0,0,0,0,0,0,0,0,27,0,0,0,0,97,0,0,0,0,0,0,0,0,0,0,33,0,0,0,0,0,0,0,0,0,0,0,0,32,0,28,0,0,0,0,0,0,0,0,25,0,58,0,0,0,34,0,0,0,0,0,0,0,0,56,25,0,0,0,0
2015-12-20,0,0,0,0,0,0,0,0,41,0,0,0,0,0,0,0,0,0,0,0,0,0,0,25,0,0,0,85,0,0,0,37,0,0,0,70,0,0,0,0,0,0,0,0,0,0,0,0,0,0,0,0,0,0,0,0,0,37,0,0,0,0,0,0,0,0,0,0,0,0,0,0,0,0,0,0,0,0,0,0,0,0,0,0,0,0,0,0,0,0,0,0,0,27,0,0,36,0,0,0,21,0,0,0,0,0,0,0,0,55,0,48,32,0,0,37,0,0,0,0,0,0,0,0,85,28,0,0,0,0
2015-12-27,0,0,54,0,0,0,0,0,40,0,0,0,37,0,0,37,0,37,0,0,0,0,0,0,0,0,0,42,0,0,0,36,0,0,0,0,0,0,0,0,0,0,0,0,0,0,0,0,51,0,0,0,0,84,0,0,0,36,0,0,0,0,0,0,0,0,0,0,0,0,0,0,0,0,0,0,0,0,0,0,75,0,0,0,0,0,0,0,0,0,27,0,0,27,0,0,36,0,36,0,30,0,0,0,0,0,0,0,0,27,0,0,32,0,0,37,0,0,0,0,0,0,0,0,88,69,0,0,0,0
2016-01-03,0,0,0,0,0,0,0,0,26,0,0,0,35,0,0,35,0,35,0,0,0,0,0,36,0,0,0,100,0,0,0,35,0,0,0,0,0,0,0,0,0,38,0,0,0,0,0,0,96,0,0,0,0,0,0,0,0,35,0,0,0,0,0,0,0,0,0,0,0,43,0,0,0,0,0,0,30,0,0,0,48,0,0,0,0,34,0,0,0,0,0,0,0,52,0,0,0,0,34,0,0,0,0,0,0,0,0,0,26,52,0,30,0,0,0,0,0,0,0,0,0,0,0,0,71,39,0,0,0,0
2016-01-10,0,0,0,0,0,0,0,0,37,0,0,0,34,0,0,69,0,0,0,0,0,0,0,0,0,0,0,39,0,0,0,34,0,0,0,0,0,0,0,0,0,37,0,0,0,0,0,0,46,0,0,0,0,0,0,0,0,0,0,0,0,0,0,29,0,0,0,0,0,42,0,0,0,0,49,0,30,0,0,0,46,0,0,0,0,34,0,0,0,0,25,0,0,51,0,0,33,0,33,0,37,0,0,0,0,0,0,0,0,25,0,44,29,0,0,0,0,0,0,0,0,0,0,0,63,26,0,0,0,0
2016-01-17,0,0,0,0,0,0,0,0,100,0,0,0,0,0,0,35,0,0,0,0,0,0,0,24,0,0,0,0,0,0,0,67,0,0,0,64,0,0,0,0,0,38,0,0,0,0,0,0,0,0,0,0,0,0,0,0,0,51,0,0,0,0,0,0,0,0,0,0,0,28,0,0,0,0,100,0,30,0,0,0,0,0,0,0,0,34,0,0,0,0,0,0,0,25,0,0,33,0,0,0,19,0,0,0,0,0,0,0,25,25,0,29,30,0,0,35,0,0,0,0,0,4,0,0,64,38,0,0,0,0
2016-01-24,0,0,50,0,0,0,0,0,25,0,0,0,0,0,0,34,0,35,0,0,0,0,0,23,0,0,0,0,0,0,0,0,0,0,0,32,0,0,0,0,0,75,0,0,0,0,0,0,46,0,0,0,0,51,0,0,0,67,0,0,0,0,0,29,0,0,0,0,0,28,0,0,0,0,0,0,29,0,0,0,46,0,0,0,0,0,0,0,0,0,0,0,0,25,0,0,0,0,0,0,19,0,0,0,0,0,0,0,0,38,0,29,29,0,0,35,0,0,0,0,0,0,0,0,67,42,0,0,0,0
2016-01-31,0,0,50,0,0,0,0,0,0,0,0,0,0,0,0,0,0,0,0,0,0,0,0,23,0,0,0,0,0,0,0,0,0,0,0,0,0,0,0,0,0,37,0,0,0,0,0,0,0,0,0,0,0,0,0,0,0,0,0,0,0,0,0,29,0,0,0,0,0,28,0,0,0,0,0,0,0,0,0,0,46,0,0,0,0,34,0,0,0,0,0,0,0,25,0,0,0,0,33,0,56,0,0,0,0,0,0,0,0,50,0,29,29,0,0,34,0,0,0,0,0,0,0,0,75,51,0,0,0,0
2016-02-07,0,0,0,0,0,0,0,0,33,0,0,0,34,0,0,0,0,0,0,0,0,0,0,47,0,0,0,0,0,0,0,34,0,0,0,0,0,0,0,0,0,0,0,0,0,0,0,0,47,0,0,0,0,0,0,0,0,34,0,0,0,0,0,29,0,0,0,0,0,28,0,0,0,0,50,0,0,0,0,0,47,0,0,0,0,0,0,0,0,0,0,0,0,38,0,0,33,0,0,0,19,0,0,0,0,0,0,0,25,25,0,29,0,0,0,35,0,0,0,0,0,0,0,0,59,43,0,0,0,0
2016-02-14,0,0,0,0,0,0,0,0,49,0,0,0,100,0,0,0,0,68,0,0,0,0,0,23,0,0,0,0,0,0,0,0,0,0,0,31,0,0,0,0,0,0,0,0,0,0,0,0,46,0,0,0,0,0,0,0,0,50,0,0,0,0,0,0,0,0,0,0,0,28,0,0,0,0,0,0,0,0,0,0,46,0,0,0,0,33,0,0,0,0,25,0,0,25,0,0,65,0,0,0,0,0,0,0,0,0,0,0,0,37,0,44,29,0,0,34,0,0,0,0,0,0,0,0,56,50,0,0,0,0
2016-02-21,0,0,49,0,0,0,0,0,37,0,0,0,0,0,0,0,0,0,0,0,0,0,0,0,0,0,0,0,0,0,0,49,0,0,0,94,0,0,0,0,0,0,0,0,0,0,0,0,46,0,0,0,0,0,0,0,0,0,0,0,0,0,0,0,0,0,0,0,0,27,0,0,0,0,0,0,0,0,0,0,0,0,0,0,0,0,0,0,0,0,0,0,0,0,0,0,32,0,0,0,0,0,0,0,0,0,0,0,0,62,0,29,29,0,0,34,0,0,0,0,0,0,0,0,50,25,0,0,0,0
2016-02-28,0,0,49,0,0,0,0,0,37,0,0,0,0,0,0,33,0,68,0,0,0,0,0,23,0,0,0,0,0,0,0,32,0,0,0,47,0,0,0,0,0,0,0,0,0,0,0,0,0,0,0,0,0,0,0,0,0,100,0,0,0,0,0,29,0,0,0,0,0,0,0,0,0,0,49,0,0,0,0,0,0,0,0,0,0,33,0,0,0,0,25,0,0,0,0,0,33,0,0,0,0,0,0,0,0,0,0,0,0,37,0,28,0,0,0,0,0,0,0,0,0,4,0,0,45,41,0,0,0,0
2016-03-06,0,0,0,0,0,0,0,0,33,0,0,0,67,0,0,0,0,68,0,0,0,0,0,46,0,0,0,0,0,0,0,0,0,0,0,0,0,0,0,0,0,0,0,0,0,0,0,0,46,0,0,0,0,0,0,0,0,33,0,0,0,0,0,29,0,0,0,0,0,28,0,0,0,0,0,0,0,0,0,0,69,0,0,0,0,33,0,0,0,0,25,0,0,75,0,0,0,0,33,0,28,0,0,0,0,0,0,0,25,25,0,29,0,0,0,34,0,0,0,0,0,0,0,0,54,67,0,0,0,0
2016-03-13,0,0,50,0,0,0,0,0,25,0,0,0,34,0,0,34,0,34,0,0,0,0,0,23,0,0,0,0,0,0,0,33,0,0,0,0,0,0,0,0,0,0,0,0,0,0,0,0,0,0,0,0,0,0,0,0,0,0,0,0,0,0,0,0,0,0,0,0,0,56,0,0,0,0,0,0,29,0,0,0,0,0,0,0,0,100,0,0,0,0,0,0,0,100,0,0,33,0,0,0,19,0,0,0,0,0,0,0,0,25,0,29,29,0,0,0,0,0,0,0,0,0,0,0,54,50,0,0,0,0
2016-03-20,0,0,0,0,0,0,0,0,26,0,0,0,0,0,0,0,0,0,0,0,0,0,0,24,0,0,0,0,0,0,0,0,0,0,0,33,0,0,0,0,0,0,0,0,0,0,0,0,0,0,0,0,0,0,0,0,0,34,0,0,0,0,0,30,0,0,0,0,0,29,0,0,0,0,51,0,0,0,0,0,0,0,0,0,0,0,0,0,0,0,0,0,0,0,0,0,0,0,34,0,19,0,0,0,0,0,0,0,26,51,0,30,61,0,0,0,0,0,0,0,0,4,0,0,77,51,0,0,0,0
2016-03-27,0,0,0,0,0,0,0,0,25,0,0,0,34,0,0,34,0,34,0,0,0,0,0,0,0,0,0,0,0,0,0,34,0,0,0,0,0,0,0,0,0,56,0,0,0,0,0,0,0,0,0,0,0,0,0,0,0,34,0,0,0,0,0,0,0,0,0,0,0,28,0,0,0,0,50,0,0,0,0,0,94,0,0,0,0,51,0,0,0,0,0,0,0,51,0,0,0,0,33,0,19,0,0,0,0,0,0,0,0,25,0,0,30,0,0,0,0,0,0,0,0,0,0,0,57,26,0,0,0,0
2016-04-03,0,0,49,0,0,0,0,0,50,0,0,0,0,0,0,0,0,34,0,0,0,0,0,46,0,0,0,0,0,0,0,67,0,0,0,0,0,0,0,0,0,37,0,0,0,0,0,0,0,0,0,0,0,0,0,0,0,34,0,0,0,0,0,29,0,0,0,0,0,56,0,0,0,0,0,0,0,0,0,0,47,0,0,0,0,33,0,0,0,0,25,0,0,25,0,0,33,0,0,0,19,0,0,0,0,0,0,0,0,50,0,0,29,0,0,34,0,0,0,0,0,0,0,0,71,50,0,0,0,0
2016-04-10,0,0,100,0,0,0,0,0,25,0,0,0,34,0,0,34,0,0,0,0,0,0,0,0,0,0,0,0,0,0,0,34,0,0,0,32,0,0,0,0,0,37,0,0,0,0,0,0,0,0,0,0,0,52,0,0,0,34,0,0,0,0,0,0,0,0,0,0,0,28,0,0,0,0,0,0,0,0,0,0,46,0,0,0,0,0,0,0,0,0,0,0,0,25,0,0,0,0,0,0,0,0,0,0,0,0,0,0,0,50,0,0,29,0,0,34,0,0,0,0,0,0,0,0,73,25,0,0,0,0
2016-04-17,0,0,0,0,0,0,0,0,25,0,0,0,0,0,0,34,0,0,0,0,0,0,0,23,0,0,0,0,0,0,0,67,0,0,0,0,0,0,0,0,0,0,0,0,0,0,0,0,46,0,0,0,0,0,0,0,0,0,0,0,0,0,0,0,0,0,0,0,0,28,0,0,0,0,49,0,0,0,0,0,69,0,0,0,0,0,0,0,0,0,0,0,0,25,0,0,0,0,0,0,19,0,0,0,0,0,0,0,0,25,0,0,29,0,0,34,0,0,0,0,0,0,0,0,35,51,0,0,0,0
2016-04-24,0,0,0,0,0,0,0,0,25,0,0,0,0,0,0,0,0,0,0,0,0,0,0,23,0,0,0,0,0,0,0,0,0,0,0,32,0,0,0,0,0,0,0,0,0,0,0,0,0,0,0,0,0,0,0,0,0,33,0,0,0,0,0,0,0,0,0,0,0,46,0,0,0,0,0,0,0,0,0,0,46,0,0,0,0,33,0,0,0,0,25,0,0,25,0,0,0,0,0,0,19,0,0,0,0,0,0,0,0,100,0,29,29,0,0,0,0,0,0,0,0,0,0,0,61,63,0,0,0,0
2016-05-01,0,0,0,0,0,0,0,0,0,0,0,0,0,0,0,0,0,69,0,0,0,0,0,0,0,0,0,0,0,0,0,0,0,0,0,32,0,0,0,0,0,0,0,0,0,0,0,0,0,0,0,0,0,0,0,0,0,34,0,0,0,0,0,0,0,0,0,0,0,29,0,0,0,0,50,0,60,0,0,0,47,0,0,0,0,69,0,0,0,0,0,0,0,51,0,0,0,0,0,0,19,0,0,0,0,0,0,0,0,26,0,44,30,0,0,0,0,0,0,0,0,0,0,0,60,52,0,0,0,0
2016-05-08,0,0,0,0,0,0,0,0,25,0,0,0,34,0,0,0,0,0,0,0,0,0,0,0,0,0,0,39,0,0,0,33,0,0,0,63,0,0,0,0,0,0,0,0,0,0,0,0,46,0,0,0,0,51,0,0,0,0,0,0,0,0,0,0,0,0,0,0,0,28,0,0,0,0,49,0,0,0,0,0,0,0,0,0,0,34,0,0,0,0,50,0,0,63,0,0,0,0,33,0,0,0,0,0,0,0,0,0,0,25,0,29,29,0,0,0,0,0,0,0,0,4,0,0,51,76,0,0,0,0
2016-05-15,0,0,0,0,0,0,0,0,37,0,0,0,0,0,0,34,0,34,0,0,0,0,0,23,0,0,0,0,0,0,0,50,0,0,0,0,0,0,0,0,0,0,0,0,0,0,0,0,0,0,0,0,0,51,0,0,0,51,0,0,0,0,0,0,0,0,0,0,0,0,0,0,0,0,0,0,0,0,0,0,47,0,0,0,0,0,0,0,0,0,25,0,0,25,0,0,0,0,33,0,19,0,0,0,0,0,0,0,25,25,0,0,29,0,0,0,0,0,0,0,0,0,0,0,71,25,0,0,0,0
2016-05-22,0,0,0,0,0,0,0,0,25,0,0,0,68,0,0,0,0,35,0,0,0,0,0,23,0,0,0,0,0,0,0,0,0,0,0,0,0,0,0,0,0,0,0,0,0,0,0,0,0,0,0,0,0,0,0,0,0,0,0,0,0,0,0,30,0,0,0,0,0,0,0,0,0,0,0,0,0,0,0,0,0,0,0,0,0,51,0,0,0,0,0,0,0,25,0,0,33,0,0,0,19,0,0,0,0,0,0,0,0,38,0,30,0,0,0,0,0,0,0,0,0,4,0,0,66,26,0,0,0,0
2016-05-29,0,0,51,0,0,0,0,0,0,0,0,0,0,0,0,35,0,35,0,0,0,0,0,0,0,0,0,0,0,0,0,34,0,0,0,33,0,0,0,0,0,0,0,0,0,0,0,0,0,0,0,0,0,0,0,0,0,0,0,0,0,0,0,30,0,0,0,0,0,29,0,0,0,0,51,0,30,0,0,0,48,0,0,0,0,0,0,0,0,0,0,0,0,0,0,0,45,0,51,0,0,0,0,0,0,0,0,0,25,51,0,30,91,0,0,35,0,0,0,0,0,4,0,0,58,26,0,0,0,0
2016-06-05,0,0,0,0,0,0,0,0,25,0,0,0,0,0,0,35,0,35,0,0,0,0,0,24,0,0,0,0,0,0,0,68,0,0,0,32,0,0,0,0,0,0,0,0,0,0,0,0,0,0,0,0,0,0,0,0,0,51,0,0,0,0,0,0,0,0,0,0,0,0,0,0,0,0,50,0,0,0,0,0,0,0,0,0,0,0,0,0,0,0,0,0,0,26,0,0,0,0,33,0,0,0,0,0,0,0,0,0,25,51,0,45,30,0,0,0,0,0,0,0,0,4,0,0,51,26,0,0,0,0
2016-06-12,0,0,0,0,0,0,0,0,25,0,0,0,0,0,0,0,0,0,0,0,0,0,0,24,0,0,0,0,0,0,0,0,0,0,0,32,0,0,0,0,0,0,0,0,0,0,0,0,0,0,0,0,0,0,0,0,0,0,0,0,0,0,0,29,0,0,0,0,0,0,0,0,0,0,0,0,30,0,0,0,0,0,0,0,0,34,0,0,0,0,25,0,0,51,0,0,67,0,0,0,0,0,0,0,0,0,0,0,25,0,0,30,0,0,0,35,0,0,0,0,0,0,0,0,60,77,0,0,0,0
2016-06-19,0,0,52,0,0,0,0,0,26,0,0,0,0,0,0,35,0,0,0,0,0,0,0,0,0,0,0,0,0,0,0,0,0,0,0,33,0,0,0,0,0,38,0,0,0,0,0,0,48,0,0,0,0,0,0,0,0,0,0,0,0,0,0,30,0,0,0,0,0,29,0,0,0,0,51,0,31,0,0,0,48,0,0,0,0,35,0,0,0,0,26,0,0,0,0,0,0,0,0,0,0,0,0,0,0,0,0,0,0,26,0,30,30,0,0,0,0,0,0,0,0,0,0,0,63,26,0,0,0,0
2016-06-26,0,0,52,0,0,0,0,0,26,0,0,0,0,0,0,35,0,0,0,0,0,0,0,73,0,0,0,0,0,0,0,35,0,0,0,33,0,0,0,0,0,77,0,0,0,0,0,0,0,0,0,0,0,0,0,0,0,0,0,0,0,0,0,0,0,0,0,0,0,58,0,0,0,0,51,0,0,0,0,0,0,0,0,0,0,0,0,0,0,0,0,0,0,39,0,0,0,0,34,0,19,0,0,0,0,0,0,0,26,39,0,30,0,0,0,0,0,0,0,0,0,8,0,0,57,61,0,0,0,0
2016-07-03,0,0,0,0,0,0,0,0,27,0,0,0,0,0,0,0,0,0,0,0,0,0,0,26,0,0,0,0,0,0,0,0,0,0,0,0,0,0,0,0,0,81,0,0,0,0,0,0,51,0,0,0,0,0,0,0,0,37,0,0,0,0,0,32,0,0,0,0,0,0,0,0,0,0,54,0,32,0,0,0,50,0,0,0,0,0,0,0,0,0,0,0,0,27,0,0,72,0,36,0,20,0,0,0,0,0,0,0,0,82,0,0,0,0,0,37,0,0,0,0,0,4,0,0,67,28,0,0,0,0
2016-07-10,0,0,0,0,0,0,0,0,0,0,0,0,0,0,0,37,0,0,0,0,0,0,0,37,0,0,0,0,0,0,0,0,0,0,0,0,0,0,0,0,0,0,0,0,0,0,0,0,0,0,0,0,0,0,0,0,0,72,0,0,0,0,0,62,0,0,0,0,0,45,0,0,0,0,53,0,0,0,0,0,0,0,0,0,0,36,0,0,0,0,27,0,0,27,0,0,0,0,35,0,0,0,0,0,0,0,0,0,0,54,0,31,0,0,0,0,0,0,0,0,0,0,0,0,60,27,0,0,0,0
2016-07-17,0,0,0,0,0,0,0,0,27,0,0,0,0,0,0,0,0,0,0,0,0,0,0,0,0,0,0,0,0,0,0,73,0,0,0,0,0,0,0,0,0,0,0,0,0,0,0,0,0,0,0,0,0,0,0,0,0,0,0,0,0,0,0,0,0,0,0,0,0,30,0,0,0,0,0,0,0,0,0,0,50,0,0,0,0,0,0,0,0,0,0,0,0,27,0,0,0,0,35,0,20,0,0,0,0,0,0,0,0,41,0,32,0,0,0,37,0,0,0,0,0,0,0,0,64,28,0,0,0,0
2016-07-24,0,0,54,0,0,0,0,0,53,0,0,0,0,0,0,0,0,0,0,0,0,0,0,0,0,0,0,0,0,0,0,36,0,0,0,34,0,0,0,0,0,0,0,0,0,0,0,0,100,0,0,0,0,0,0,0,0,36,0,0,0,0,0,63,0,0,0,0,0,60,0,0,0,0,0,0,0,0,0,0,100,0,0,0,0,0,0,0,0,0,0,0,0,0,0,0,35,0,0,0,20,0,0,0,0,0,0,0,0,45,0,63,31,0,0,0,0,0,0,0,0,0,0,0,76,41,0,0,0,0
2016-07-31,0,0,0,0,0,0,0,0,40,0,0,0,37,0,0,37,0,74,0,0,0,0,0,25,0,0,0,0,0,0,0,36,0,0,0,35,0,0,0,0,0,40,0,0,0,0,0,0,0,0,0,0,0,0,0,0,0,36,0,0,0,0,0,0,0,0,0,0,0,46,0,0,0,0,0,0,0,0,0,0,0,0,0,0,0,0,0,0,0,0,27,0,0,0,0,0,71,0,0,0,20,0,0,0,0,0,0,0,0,81,0,0,0,0,0,37,0,0,0,0,0,0,0,0,70,28,0,0,0,0
2016-08-07,0,0,55,0,0,0,0,0,55,0,0,0,0,0,0,38,0,0,0,0,0,0,0,26,0,0,0,0,0,0,0,74,0,0,0,36,0,0,0,0,0,0,0,0,0,0,0,0,51,0,0,0,0,0,0,0,0,0,0,0,0,0,0,0,0,0,0,0,0,31,0,0,0,0,0,0,0,0,0,0,52,0,0,0,0,0,0,0,0,0,0,0,0,28,0,0,73,0,0,0,21,0,0,0,0,0,0,0,0,56,0,33,0,0,0,0,0,0,0,0,0,0,0,0,50,28,0,0,0,0
2016-08-14,0,0,0,0,0,0,0,0,28,0,0,0,0,0,0,0,0,0,0,0,0,0,0,0,0,0,0,0,0,0,0,0,0,0,0,0,0,0,0,0,0,42,0,0,0,0,0,0,0,0,0,0,0,0,0,0,0,38,0,0,0,0,0,33,0,0,0,0,0,64,0,0,0,0,56,0,0,0,0,0,53,0,0,0,0,39,0,0,0,0,0,0,0,43,0,0,0,0,0,0,0,0,0,0,0,0,0,0,0,29,0,34,0,0,0,0,0,0,0,0,0,0,0,0,65,29,0,0,0,0
2016-08-21,0,0,0,0,0,0,0,0,54,0,0,0,0,0,0,37,0,37,0,0,0,0,0,26,0,0,0,0,0,0,0,37,0,0,0,0,0,0,0,0,0,0,0,0,0,0,0,0,0,0,0,0,0,0,0,0,0,0,0,0,0,0,0,32,0,0,0,0,0,31,0,0,0,0,0,0,0,0,0,0,0,0,0,0,0,0,0,0,0,0,0,0,0,37,0,0,0,0,36,0,20,0,0,0,0,0,0,0,27,27,0,0,32,0,0,37,0,0,0,0,0,0,0,0,58,28,0,0,0,0
2016-08-28,0,0,0,0,0,0,0,0,39,0,0,0,35,0,0,0,0,0,0,0,0,0,0,0,0,0,0,0,0,0,0,0,0,0,0,67,0,0,0,0,0,0,0,0,0,0,0,0,48,0,0,0,0,0,0,0,0,36,0,0,0,0,0,0,0,0,0,0,0,44,0,0,0,0,0,0,0,0,0,0,0,0,0,0,0,35,0,0,0,0,0,0,0,26,0,0,35,0,35,0,20,0,0,0,0,0,0,0,26,26,0,31,31,0,0,54,0,0,0,0,0,0,0,0,58,53,0,0,0,0
2016-09-04,0,0,0,0,0,0,0,0,26,0,0,0,0,0,0,36,0,36,0,0,0,0,0,0,0,0,0,0,0,0,0,35,0,0,0,33,0,0,0,0,0,39,0,0,0,0,0,0,0,0,0,0,0,0,0,0,0,35,0,0,0,0,0,62,0,0,0,0,0,0,0,0,0,0,0,0,0,0,0,0,0,0,0,0,0,0,0,0,0,0,0,0,0,26,0,0,68,0,0,0,39,0,0,0,0,0,0,0,0,26,0,31,41,0,0,0,0,0,0,0,0,4,0,0,53,26,0,0,0,0
2016-09-11,0,0,0,0,0,0,0,0,0,0,0,0,0,0,0,0,0,0,0,0,0,0,0,24,0,0,0,41,0,0,0,35,0,0,0,100,0,0,0,0,0,0,0,0,0,0,0,0,49,0,0,0,0,54,0,0,0,71,0,0,0,0,0,31,0,0,0,0,0,30,0,0,0,0,0,0,0,0,0,0,0,0,0,0,0,35,0,0,0,0,0,0,0,26,0,0,0,0,35,0,0,0,0,0,0,0,0,0,0,26,0,31,0,0,0,54,0,0,0,0,0,0,0,0,94,40,0,0,0,0
2016-09-18,0,0,0,0,0,0,0,0,26,0,0,0,0,0,0,0,0,0,0,0,0,0,0,49,0,0,0,0,0,0,0,70,0,0,0,49,0,0,0,0,0,39,0,0,0,0,0,0,0,0,0,0,0,0,0,0,0,0,0,0,0,0,0,59,0,0,0,0,0,39,0,0,0,0,77,0,0,0,0,0,48,0,0,0,0,70,0,0,0,0,0,0,0,26,0,0,0,0,0,0,0,0,0,0,0,0,0,0,0,34,0,60,0,0,0,0,0,0,0,0,0,0,0,0,76,26,0,0,0,0
2016-09-25,0,0,0,0,0,0,0,0,51,0,0,0,0,0,0,0,0,35,0,0,0,0,0,24,0,0,0,0,0,0,0,0,0,0,0,33,0,0,0,0,0,38,0,0,0,0,0,0,47,0,0,0,0,0,0,0,0,34,0,0,0,0,0,30,0,0,0,0,0,29,0,0,0,0,0,0,0,0,0,0,0,0,0,0,0,0,0,0,0,0,0,0,0,26,0,0,33,0,33,0,19,0,0,0,0,0,0,0,0,51,0,30,30,0,0,35,0,0,0,0,0,0,0,0,83,52,0,0,0,0
2016-10-02,0,0,0,0,0,0,0,0,25,0,0,0,0,0,0,35,0,35,0,0,0,0,0,24,0,0,0,0,0,0,0,51,0,0,0,0,0,0,0,0,0,0,0,0,0,0,0,0,0,0,0,0,0,0,0,0,0,34,0,0,0,0,0,0,0,0,0,0,0,0,0,0,0,0,0,0,0,0,0,0,0,0,0,0,0,0,0,0,0,0,0,0,0,25,0,0,0,0,0,0,28,0,0,0,0,0,0,0,0,25,0,50,0,0,0,0,0,0,0,0,0,0,0,0,54,26,0,0,0,0
2016-10-09,0,0,0,0,0,0,0,0,26,0,0,0,35,0,0,0,0,0,0,0,0,0,0,24,0,0,0,0,0,0,0,34,0,0,0,0,0,0,0,0,0,0,0,0,0,0,0,0,0,0,0,0,0,0,0,0,0,69,0,0,0,0,0,30,0,0,0,0,0,29,0,0,0,0,0,0,30,0,0,0,48,0,0,0,0,0,0,0,0,0,0,0,0,26,0,0,34,0,0,0,0,0,0,0,0,0,0,0,0,43,0,30,0,0,0,0,0,0,0,0,0,0,0,0,56,35,0,0,0,0
2016-10-16,0,0,0,0,0,0,0,0,25,0,0,0,0,0,0,0,0,34,0,0,0,0,0,35,0,0,0,0,0,0,0,34,0,0,0,0,0,0,0,0,0,37,0,0,0,0,0,0,0,0,0,0,0,0,0,0,0,34,0,0,0,0,0,30,0,0,0,0,0,0,0,0,0,0,50,0,30,0,0,0,0,0,0,0,0,0,0,0,0,0,26,0,0,25,0,0,33,0,33,0,19,0,0,0,0,0,0,0,0,59,0,29,30,0,0,0,0,0,0,0,0,0,0,0,45,51,0,0,0,0
2016-10-23,0,0,0,0,0,0,0,0,51,0,0,0,34,0,0,35,0,35,0,0,0,0,0,23,0,0,0,39,0,0,0,51,0,0,0,0,0,0,0,0,0,0,0,0,0,0,0,0,47,0,0,0,0,0,0,0,0,34,0,0,0,0,0,0,0,0,0,0,0,43,0,0,0,0,0,0,0,0,0,0,94,0,0,0,0,0,0,0,0,0,26,0,0,51,0,0,0,0,33,0,0,0,0,0,0,0,0,0,0,25,0,59,30,0,0,0,0,0,0,0,0,0,0,0,53,39,0,0,0,0
2016-10-30,0,0,0,0,0,0,0,0,25,0,0,0,34,0,0,0,0,35,0,0,0,0,0,24,0,0,0,39,0,0,0,0,0,0,0,32,0,0,0,0,0,76,0,0,0,0,0,0,0,0,0,0,0,0,0,0,0,34,0,0,0,0,0,30,0,0,0,0,0,29,0,0,0,0,0,0,0,0,0,0,47,0,0,0,0,0,0,0,0,0,0,0,0,51,0,0,0,0,33,0,19,0,0,0,0,0,0,0,0,26,0,0,30,0,0,35,0,0,0,0,0,0,0,0,58,65,0,0,0,0
2016-11-06,0,0,100,0,0,0,0,0,49,0,0,0,0,0,0,0,0,0,0,0,0,0,0,23,0,0,0,39,0,0,0,55,0,0,0,0,0,0,0,0,0,56,0,0,0,0,0,0,91,0,0,0,0,52,0,0,0,33,0,0,0,0,0,0,0,0,0,0,0,28,0,0,0,0,0,0,0,0,0,0,0,0,0,0,0,33,0,0,0,0,0,0,0,25,0,0,32,0,0,0,0,0,0,0,0,0,0,0,0,62,0,29,0,0,0,0,0,0,0,0,0,4,0,0,56,42,0,0,0,0
2016-11-13,0,0,0,0,0,0,0,0,74,0,0,0,0,0,0,34,0,34,0,0,0,0,0,23,0,0,0,39,0,0,0,0,0,0,0,32,0,0,0,0,0,0,0,0,0,0,0,0,0,0,0,0,0,0,0,0,0,34,0,0,0,0,0,29,0,0,0,0,0,0,0,0,0,0,50,0,0,0,0,0,47,0,0,0,0,34,0,0,0,0,0,0,0,51,0,0,0,0,0,0,19,0,0,0,0,0,0,0,25,50,0,30,0,0,0,34,0,0,0,0,0,0,0,0,59,52,0,0,0,0
2016-11-20,0,0,0,0,0,0,0,0,33,0,0,0,0,0,0,34,0,0,0,0,0,0,0,0,0,0,0,52,0,0,0,67,0,0,0,32,0,0,0,0,0,37,0,0,0,0,0,0,0,0,0,0,0,51,0,0,0,0,0,0,0,0,0,0,0,0,0,0,0,0,0,0,0,0,49,0,0,0,0,0,46,0,0,0,0,34,0,0,0,0,0,0,0,25,0,0,0,0,0,0,19,0,0,0,0,0,0,0,0,25,0,0,0,0,0,34,0,0,0,0,0,0,0,0,36,25,0,0,0,0
2016-11-27,0,0,0,0,0,0,0,0,24,0,0,0,0,0,0,0,0,50,0,0,0,0,0,22,0,0,0,0,0,0,0,65,0,0,0,0,0,0,0,0,0,36,0,0,0,0,0,0,44,0,0,0,0,0,0,0,0,0,0,0,0,0,0,28,0,0,0,0,0,27,0,0,0,0,48,0,0,0,0,0,45,0,0,0,0,0,0,0,0,0,24,0,0,36,0,0,32,0,31,0,18,0,0,0,0,0,0,0,24,24,0,28,28,0,0,100,0,0,0,0,0,0,0,0,55,24,0,0,0,0
2016-12-04,0,0,47,0,0,0,0,0,24,0,0,0,32,0,0,32,0,32,0,0,0,0,0,44,0,0,0,37,0,0,0,32,0,0,0,30,0,0,0,0,0,35,0,0,0,0,0,0,0,0,0,0,0,0,0,0,0,96,0,0,0,0,0,28,0,0,0,0,0,0,0,0,0,0,47,0,0,0,0,0,0,0,0,0,0,64,0,0,0,0,0,0,0,0,0,0,0,0,31,0,0,0,0,0,0,0,0,0,24,32,0,28,0,0,0,33,0,0,0,0,0,0,0,0,60,32,0,0,0,0
2016-12-11,0,0,48,0,0,0,0,0,0,0,0,0,0,0,0,0,0,0,0,0,0,0,0,34,0,0,0,0,0,0,0,32,0,0,0,0,0,0,0,0,0,0,0,0,0,0,0,0,45,0,0,0,0,50,0,0,0,33,0,0,0,0,0,28,0,0,0,0,0,27,0,0,0,0,0,0,0,0,0,0,45,0,0,0,0,33,0,0,0,0,24,0,0,73,0,0,0,0,0,0,18,0,0,0,0,0,0,0,0,24,0,28,0,0,0,0,0,0,0,0,0,0,0,0,49,0,0,0,0,0
2016-12-18,0,0,0,0,0,0,0,0,25,0,0,0,0,0,0,0,0,0,0,0,0,0,0,48,0,0,0,0,0,0,0,34,0,0,0,32,0,0,0,0,0,38,0,0,0,0,0,0,48,0,0,0,0,0,0,0,0,34,0,0,0,0,0,0,0,0,0,0,0,58,0,0,0,0,51,0,0,0,0,0,48,0,0,0,0,34,0,0,0,0,0,0,0,26,0,0,34,0,34,0,19,0,0,0,0,0,0,0,0,0,0,0,0,0,0,35,0,0,0,0,0,4,0,0,63,0,0,0,0,0
2016-12-25,0,0,52,0,0,0,0,0,53,0,0,0,54,0,0,0,0,36,0,0,0,0,0,25,0,0,0,55,0,0,0,35,0,0,0,34,0,0,0,0,0,40,0,0,0,0,0,0,50,0,0,0,0,0,0,0,0,35,0,0,0,0,0,0,0,0,0,0,0,0,0,0,0,0,0,0,0,0,0,0,50,0,0,0,0,36,0,0,0,0,0,0,0,40,0,0,35,0,0,0,39,0,0,0,0,0,0,0,0,40,0,0,0,0,0,0,0,0,0,0,0,0,0,0,59,27,0,0,0,0
2017-01-01,0,0,0,0,0,0,0,0,25,0,0,0,0,0,0,34,0,0,0,0,0,0,0,70,0,0,0,64,0,0,0,33,0,0,0,0,0,0,0,0,0,0,0,0,0,0,0,0,0,0,0,0,0,0,0,0,0,0,0,0,0,0,0,0,0,0,0,0,0,42,0,0,0,0,0,0,0,0,0,0,46,0,0,0,0,34,0,0,0,0,25,0,0,0,0,0,33,0,33,0,19,0,0,0,0,0,0,0,0,49,0,29,0,0,0,34,0,0,0,0,0,0,0,0,60,42,0,0,0,0
2017-01-08,0,0,47,0,0,0,0,0,47,0,0,0,32,0,0,32,0,0,0,0,0,0,0,22,0,0,0,74,0,0,0,94,0,0,0,30,0,0,0,0,0,88,0,0,0,0,0,0,0,0,0,0,0,48,0,0,0,32,0,0,0,0,0,28,0,0,0,0,0,53,0,0,0,0,0,0,0,0,0,0,0,0,0,0,0,32,0,0,0,0,0,0,0,0,0,0,0,0,0,0,18,0,0,0,0,0,0,0,0,31,0,28,0,0,0,0,0,0,0,0,0,0,0,0,63,60,0,0,0,0
2017-01-15,0,0,47,0,0,0,0,0,35,0,0,0,0,0,0,0,0,0,0,0,0,0,0,22,0,0,0,55,0,0,0,31,0,0,0,30,0,0,0,0,0,35,0,0,0,0,0,0,0,0,0,0,0,48,0,0,0,63,0,0,0,0,0,55,0,0,0,0,0,35,0,0,0,0,46,0,0,0,0,0,0,0,0,0,0,32,0,0,0,0,0,0,0,36,0,0,31,0,31,0,35,0,0,0,0,0,0,0,0,31,0,0,0,0,0,32,0,0,0,0,0,0,0,0,59,32,0,0,0,0
2017-01-22,0,0,70,0,0,0,0,0,35,0,0,0,32,0,0,0,0,32,0,0,0,0,0,22,0,0,0,37,0,0,0,31,0,0,0,30,0,0,0,0,0,35,0,0,0,0,0,0,0,0,0,0,0,0,0,0,0,63,0,0,0,0,0,27,0,0,0,0,0,0,0,0,0,0,0,0,0,0,0,0,0,0,0,0,0,32,0,0,0,0,23,0,0,0,0,0,31,0,0,0,26,0,0,0,0,0,0,0,23,23,0,0,0,0,0,32,0,0,0,0,0,4,0,0,68,48,0,0,0,0
2017-01-29,0,0,47,0,0,0,0,0,23,0,0,0,32,0,0,32,0,0,0,0,0,0,0,43,0,0,0,0,0,0,0,62,0,0,0,30,0,0,0,0,0,69,0,0,0,0,0,0,0,0,0,0,0,0,0,0,0,42,0,0,0,0,0,0,0,0,0,0,0,0,0,0,0,0,0,0,0,0,0,0,43,0,0,0,0,31,0,0,0,0,0,0,0,35,0,0,0,0,0,0,17,0,0,0,0,0,0,0,23,23,0,0,0,0,0,0,0,0,0,0,0,8,0,0,43,71,0,0,0,0
2017-02-05,0,0,0,0,0,0,0,0,23,0,0,0,0,0,0,32,0,0,0,0,0,0,0,22,0,0,0,0,0,0,0,31,0,0,0,44,0,0,0,0,0,35,0,0,0,0,0,0,0,0,0,0,0,47,0,0,0,42,0,0,0,0,0,0,0,0,0,0,0,26,0,0,0,0,0,0,0,0,0,0,43,0,0,0,0,0,0,0,0,0,0,0,0,23,0,0,0,0,31,0,17,0,0,0,0,0,0,0,0,23,0,27,27,0,0,32,0,0,0,0,0,0,0,0,51,39,0,0,0,0
2017-02-12,0,0,0,0,0,0,0,0,34,0,0,0,0,0,0,0,0,0,0,0,0,0,0,21,0,0,0,0,0,0,0,0,0,0,0,29,0,0,0,0,0,0,0,0,0,0,0,0,42,0,0,0,0,0,0,0,0,31,0,0,0,0,0,0,0,0,0,0,0,26,0,0,0,0,0,0,0,0,0,0,0,0,0,0,0,62,0,0,0,0,0,0,0,23,0,0,30,0,30,0,17,0,0,0,0,0,0,0,23,23,0,0,53,0,0,31,0,0,0,0,0,0,0,0,65,31,0,0,0,0
2017-02-19,0,0,0,0,0,0,0,0,23,0,0,0,0,0,0,32,0,63,0,0,0,0,0,22,0,0,0,36,0,0,0,0,0,0,0,0,0,0,0,0,0,0,0,0,0,0,0,0,0,0,0,0,0,0,0,0,0,47,0,0,0,0,0,27,0,0,0,0,0,26,0,0,0,0,46,0,27,0,0,0,0,0,0,0,0,31,0,0,0,0,0,0,0,23,0,0,61,0,0,0,17,0,0,0,0,0,0,0,23,23,0,27,0,0,0,0,0,0,0,0,0,4,0,0,60,23,0,0,0,0
2017-02-26,0,0,0,0,0,0,0,0,23,0,0,0,0,0,0,31,0,0,0,0,0,0,0,42,0,0,0,0,0,0,0,30,0,0,0,29,0,0,0,0,0,34,0,0,0,0,0,0,0,0,0,0,0,0,0,0,0,0,0,0,0,0,0,26,0,0,0,0,0,38,0,0,0,0,45,0,0,0,0,0,42,0,0,0,0,31,0,0,0,0,23,0,0,46,0,0,45,0,0,0,0,0,0,0,0,0,0,0,0,46,0,27,40,0,0,0,0,0,0,0,0,4,0,0,72,23,0,0,0,0
2017-03-05,0,0,0,0,0,0,0,0,56,0,0,0,0,0,0,0,0,31,0,0,0,0,0,0,0,0,0,0,0,0,0,91,0,0,0,43,0,0,0,0,0,0,0,0,0,0,0,0,0,0,0,0,0,0,0,0,0,0,0,0,0,0,0,0,0,0,0,0,0,25,0,0,0,0,0,0,0,0,0,0,42,0,0,0,0,61,0,0,0,0,23,0,0,45,0,0,0,0,29,0,17,0,0,0,0,0,0,0,22,0,0,26,0,0,0,31,0,0,0,0,0,0,0,0,55,38,0,0,0,0
2017-03-12,0,0,45,0,0,0,0,0,67,0,0,0,0,0,0,31,0,0,0,0,0,0,0,0,0,0,0,35,0,0,0,30,0,0,0,28,0,0,0,0,0,67,0,0,0,0,0,0,0,0,0,0,0,46,0,0,0,45,0,0,0,0,0,78,0,0,0,0,0,0,0,0,0,0,0,0,26,0,0,0,0,0,0,0,0,45,0,0,0,0,0,0,0,22,0,0,29,0,29,0,17,0,0,0,0,0,0,0,22,22,0,39,0,0,0,31,0,0,0,0,0,4,0,0,58,57,0,0,0,0
2017-03-19,0,0,0,0,0,0,0,0,46,0,0,0,62,0,0,0,0,31,0,0,0,0,0,21,0,0,0,0,0,0,0,46,0,0,0,29,0,0,0,0,0,0,0,0,0,0,0,0,0,0,0,0,0,0,0,0,0,41,0,0,0,0,0,0,0,0,0,0,0,39,0,0,0,0,45,0,0,0,0,0,43,0,0,0,0,31,0,0,0,0,0,0,0,35,0,0,60,0,30,0,17,0,0,0,0,0,0,0,23,46,0,27,0,0,0,32,0,0,0,0,0,0,0,0,78,0,0,0,0,0
2017-03-26,0,0,46,0,0,0,0,0,54,0,0,0,0,0,0,0,0,0,0,0,0,0,0,22,0,0,0,0,0,0,0,0,0,0,0,0,0,0,0,0,0,35,0,0,0,0,0,0,43,0,0,0,0,0,0,0,0,31,0,0,0,0,0,0,0,0,0,0,0,79,0,0,0,0,0,0,0,0,0,0,86,0,0,0,0,32,0,0,0,0,46,0,0,23,0,0,31,0,0,0,17,0,0,0,0,0,0,0,0,23,0,27,27,0,0,0,0,0,0,0,0,0,0,0,60,31,0,0,0,0
2017-04-02,0,0,0,0,0,0,0,0,46,0,0,0,31,0,0,0,0,53,0,0,0,0,0,43,0,0,0,0,0,0,0,31,0,0,0,29,0,0,0,0,0,34,0,0,0,0,0,0,0,0,0,0,0,47,0,0,0,0,0,0,0,0,0,27,0,0,0,0,0,0,0,0,0,0,46,0,0,0,0,0,43,0,0,0,0,31,0,0,0,0,0,0,0,23,0,0,30,0,0,0,0,0,0,0,0,0,0,0,0,39,0,0,0,0,0,48,0,0,0,0,0,4,0,0,64,35,0,0,0,0
2017-04-09,0,0,0,0,0,0,0,0,24,0,0,0,32,0,0,33,0,0,0,0,0,0,0,22,0,0,0,0,0,0,0,33,0,0,0,31,0,0,0,0,0,36,0,0,0,0,0,0,0,0,0,0,0,0,0,0,0,32,0,0,0,0,0,28,0,0,0,0,0,53,0,0,0,0,0,0,0,0,0,0,0,0,0,0,0,32,0,0,0,0,0,0,0,72,0,0,0,0,31,0,18,0,0,0,0,0,0,0,24,24,0,28,0,0,0,33,0,0,0,0,0,4,0,0,72,65,0,0,0,0
2017-04-16,0,0,0,0,0,0,0,0,23,0,0,0,0,0,0,32,0,0,0,0,0,0,0,36,0,0,0,0,0,0,0,31,0,0,0,0,0,0,0,0,0,35,0,0,0,0,0,0,0,0,0,0,0,48,0,0,0,31,0,0,0,0,0,0,0,0,0,0,0,0,0,0,0,0,47,0,28,0,0,0,43,0,0,0,0,32,0,0,0,0,0,0,0,35,0,0,30,0,31,0,18,0,0,0,0,0,0,0,0,35,0,27,0,0,0,0,0,0,0,0,0,4,0,0,58,35,0,0,0,0
2017-04-23,0,0,46,0,0,0,0,0,34,0,0,0,0,0,0,63,0,0,0,0,0,0,0,21,0,0,0,0,0,0,0,31,0,0,0,29,0,0,0,0,0,0,0,0,0,0,0,0,43,0,0,0,0,0,0,0,0,0,0,0,0,0,0,27,0,0,0,0,0,26,0,0,0,0,45,0,0,0,0,0,0,0,0,0,0,31,0,0,0,0,0,0,0,23,0,0,0,0,0,0,0,0,0,0,0,0,0,0,0,61,0,27,27,0,0,0,0,0,0,0,0,0,0,0,56,58,0,0,0,0
2017-04-30,0,0,46,0,0,0,0,0,69,0,0,0,0,0,0,32,0,32,0,0,0,0,0,22,0,0,0,0,0,0,0,31,0,0,0,30,0,0,0,0,0,0,0,0,0,0,0,0,0,0,0,0,0,49,0,0,0,0,0,0,0,0,0,41,0,0,0,0,0,26,0,0,0,0,0,0,0,0,0,0,65,0,0,0,0,32,0,0,0,0,24,0,0,23,0,0,46,0,0,0,26,0,0,0,0,0,0,0,23,23,0,55,0,0,0,0,0,0,0,0,0,0,0,0,57,48,0,0,0,0
2017-05-07,0,0,0,0,0,0,0,0,46,0,0,0,0,0,0,0,0,0,0,0,0,0,0,0,0,0,0,0,0,0,0,0,0,0,0,0,0,0,0,0,0,35,0,0,0,0,0,0,43,0,0,0,0,0,0,0,0,31,0,0,0,0,0,0,0,0,0,0,0,26,0,0,0,0,0,0,27,0,0,0,0,0,0,0,0,31,0,0,0,0,23,0,0,23,0,0,30,0,30,0,26,0,0,0,0,0,0,0,23,31,0,54,0,0,0,32,0,0,0,0,0,0,0,0,69,39,0,0,0,0
2017-05-14,0,0,49,0,0,0,0,0,0,0,0,0,0,0,0,0,0,34,0,0,0,0,0,23,0,0,0,0,0,0,0,66,0,0,0,0,0,0,0,0,0,0,0,0,0,0,0,0,0,0,0,0,0,0,0,0,0,66,0,0,0,0,0,28,0,0,0,0,0,28,0,0,0,0,0,0,0,0,0,0,0,0,0,0,0,33,0,0,0,0,0,0,0,25,0,0,0,0,0,0,0,0,0,0,0,0,0,0,25,49,0,29,0,0,0,0,0,0,0,0,0,0,0,0,66,50,0,0,0,0
2017-05-21,0,0,0,0,0,0,0,0,37,0,0,0,0,0,0,0,0,34,0,0,0,0,0,0,0,0,0,0,0,0,0,34,0,0,0,48,0,0,0,0,0,0,0,0,0,0,0,0,0,0,0,0,0,0,0,0,0,34,0,0,0,0,0,0,0,0,0,0,0,28,0,0,0,0,0,0,0,0,0,0,0,0,0,0,0,0,0,0,0,0,0,0,0,25,0,0,0,0,33,0,47,0,0,0,0,0,0,0,25,25,0,29,0,0,0,0,0,0,0,0,0,4,0,0,75,51,0,0,0,0
2017-05-28,0,0,0,0,0,0,0,0,37,0,0,0,0,0,0,0,0,34,0,0,0,0,0,23,0,0,0,0,0,0,0,67,0,0,0,63,0,0,0,0,0,0,0,0,0,0,0,0,0,0,0,0,0,0,0,0,0,67,0,0,0,0,0,0,0,0,0,0,0,56,0,0,0,0,0,0,0,0,0,0,0,0,0,0,0,34,0,0,0,0,0,0,0,38,0,0,33,0,49,0,0,0,0,0,0,0,0,0,0,25,0,0,30,0,0,0,0,0,0,0,0,8,0,0,41,51,0,0,0,0
2017-06-04,0,0,0,0,0,0,0,0,24,0,0,0,0,0,0,34,0,0,0,0,0,0,0,23,0,0,0,0,0,0,0,43,0,0,0,0,0,0,0,0,0,37,0,0,0,0,0,0,45,0,0,0,0,0,0,0,0,33,0,0,0,0,0,0,0,0,0,0,0,27,0,0,0,0,0,0,0,0,0,0,0,0,0,0,0,44,0,0,0,0,24,0,0,37,0,0,32,0,32,0,18,0,0,0,0,0,0,0,0,24,0,29,28,0,0,34,0,0,0,0,0,0,0,0,55,24,0,0,0,0
2017-06-11,0,0,48,0,0,0,0,0,24,0,0,0,34,0,0,0,0,0,0,0,0,0,0,23,0,0,0,0,0,0,0,99,0,0,0,47,0,0,0,0,0,36,0,0,0,0,0,0,0,0,0,0,0,0,0,0,0,65,0,0,0,0,0,0,0,0,0,0,0,28,0,0,0,0,0,0,0,0,0,0,0,0,0,0,0,0,0,0,0,0,0,0,0,24,0,0,32,0,0,0,28,0,0,0,0,0,0,0,25,0,0,29,0,0,0,68,0,0,0,0,0,4,0,0,78,33,0,0,0,0
2017-06-18,0,0,0,0,0,0,0,0,24,0,0,0,0,0,0,0,0,0,0,0,0,0,0,22,0,0,0,0,0,0,0,48,0,0,0,0,0,0,0,0,0,36,0,0,0,0,0,0,0,0,0,0,0,50,0,0,0,0,0,0,0,0,0,28,0,0,0,0,0,27,0,0,0,0,0,0,28,0,0,0,45,0,0,0,0,33,0,0,0,0,24,0,0,24,0,0,64,0,0,0,27,0,0,0,0,0,0,0,24,24,0,28,0,0,0,33,0,0,0,0,0,0,0,0,53,36,0,0,0,0
2017-06-25,0,0,51,0,0,0,0,0,0,0,0,0,34,0,0,35,0,0,0,0,0,0,0,0,0,0,0,0,0,0,0,34,0,0,0,0,0,0,0,0,0,0,0,0,0,0,0,0,0,0,0,0,0,0,0,0,0,34,0,0,0,0,0,0,0,0,0,0,0,28,0,0,0,0,49,0,0,0,0,0,0,0,0,0,0,0,0,0,0,0,50,0,0,38,0,0,33,0,33,0,19,0,0,0,0,0,0,0,0,51,0,29,29,0,0,35,0,0,0,0,0,0,0,0,61,51,0,0,0,0
2017-07-02,0,0,0,0,0,0,0,0,25,0,0,0,34,0,0,0,0,0,0,0,0,0,0,31,0,0,0,0,0,0,0,0,0,0,0,0,0,0,0,0,0,0,0,0,0,0,0,0,0,0,0,0,0,0,0,0,0,0,0,0,0,0,0,29,0,0,0,0,0,28,0,0,0,0,0,0,30,0,0,0,47,0,0,0,0,34,0,0,0,0,0,0,0,25,0,0,100,0,33,0,38,0,0,0,0,0,0,0,0,38,0,30,30,0,0,35,0,0,0,0,0,0,0,0,47,39,0,0,0,0
2017-07-09,0,0,0,0,0,0,0,0,37,0,0,0,34,0,0,34,0,34,0,0,0,0,0,0,0,0,0,0,0,0,0,67,0,0,0,32,0,0,0,0,0,0,0,0,0,0,0,0,0,0,0,0,0,0,0,0,0,0,0,0,0,0,0,0,0,0,0,0,0,28,0,0,0,0,0,0,29,0,0,0,0,0,0,0,0,0,0,0,0,0,25,0,0,0,0,0,0,0,33,0,19,0,0,0,0,0,0,0,0,25,0,29,29,0,0,69,0,0,0,0,0,0,0,0,55,50,0,0,0,0
2017-07-16,0,0,51,0,0,0,0,0,25,0,0,0,0,0,0,0,0,0,0,0,0,0,0,23,0,0,0,0,0,0,0,33,0,0,0,33,0,0,0,0,0,38,0,0,0,0,0,0,70,0,0,0,0,0,0,0,0,45,0,0,0,0,0,29,0,0,0,0,0,29,0,0,0,0,0,0,0,0,0,0,0,0,0,0,0,34,0,0,0,0,0,0,0,25,0,0,33,0,33,0,19,0,0,0,0,0,0,0,26,26,0,88,0,0,0,69,0,0,0,0,0,0,0,0,69,34,0,0,0,0
2017-07-23,0,0,0,0,0,0,0,0,32,0,0,0,0,0,0,34,0,0,0,0,0,0,0,0,0,0,0,0,0,0,0,49,0,0,0,62,0,0,0,0,0,74,0,0,0,0,0,0,0,0,0,0,0,50,0,0,0,66,0,0,0,0,0,28,0,0,0,0,0,55,0,0,0,0,49,0,0,0,0,0,0,0,0,0,0,33,0,0,0,0,0,0,0,0,0,0,32,0,0,0,36,0,0,0,0,0,0,0,25,0,0,29,0,0,0,34,0,0,0,0,0,0,0,0,62,37,0,0,0,0
2017-07-30,0,0,48,0,0,0,0,0,32,0,0,0,0,0,0,0,0,33,0,0,0,0,0,22,0,0,0,0,0,0,0,48,0,0,0,0,0,0,0,0,0,0,0,0,0,0,0,0,0,0,0,0,0,49,0,0,0,32,0,0,0,0,0,28,0,0,0,0,0,27,0,0,0,0,48,0,0,0,0,0,0,0,0,0,0,0,0,0,0,0,24,0,0,24,0,0,0,0,32,0,36,0,0,0,0,0,0,0,0,25,0,29,57,0,0,33,0,0,0,0,0,0,0,0,49,25,0,0,0,0
2017-08-06,0,0,48,0,0,0,0,0,24,0,0,0,32,0,0,0,0,0,0,0,0,0,0,44,0,0,0,0,0,0,0,32,0,0,0,30,0,0,0,0,0,36,0,0,0,0,0,0,0,0,0,0,0,0,0,0,0,0,0,0,0,0,0,28,0,0,0,0,0,27,0,0,0,0,0,0,0,0,0,0,44,0,0,0,0,32,0,0,0,0,0,0,0,24,0,0,0,0,47,0,36,0,0,0,0,0,0,0,0,24,0,28,0,0,0,0,0,0,0,0,0,4,0,0,66,49,0,0,0,0
2017-08-13,0,0,48,0,0,0,0,0,24,0,0,0,33,0,0,33,0,0,0,0,0,0,0,0,0,0,0,0,0,0,0,32,0,0,0,0,0,0,0,0,0,0,0,0,0,0,0,0,45,0,0,0,0,0,0,0,0,0,0,0,0,0,0,0,0,0,0,0,0,27,0,0,0,0,0,0,57,0,0,0,0,0,0,0,0,33,0,0,0,0,24,0,0,0,0,0,32,0,0,0,18,0,0,0,0,0,0,0,24,24,0,28,28,0,0,33,0,0,0,0,0,0,0,0,92,0,0,0,0,0
2017-08-20,0,0,48,0,0,0,0,0,24,0,0,0,0,0,0,0,0,0,0,0,0,0,0,0,0,0,0,0,0,0,0,32,0,0,0,30,0,0,0,0,0,0,0,0,0,0,0,0,44,0,0,0,0,0,0,0,0,32,0,0,0,0,0,28,0,0,0,0,0,54,0,0,0,0,0,0,0,0,0,0,0,0,0,0,0,32,0,0,0,0,24,0,0,0,0,0,32,0,0,0,0,0,0,0,0,0,0,0,0,0,0,56,28,0,0,33,0,0,0,0,0,4,0,0,62,49,0,0,0,0
2017-08-27,0,0,0,0,0,0,0,0,36,0,0,0,33,0,0,0,0,0,0,0,0,0,0,22,0,0,0,0,0,0,0,32,0,0,0,31,0,0,0,0,0,0,0,0,0,0,0,0,0,0,0,0,0,0,0,0,0,0,0,0,0,0,0,28,0,0,0,0,0,27,0,0,0,0,0,0,57,0,0,0,45,0,0,0,0,33,0,0,0,0,24,0,0,0,0,0,32,0,32,0,72,0,0,0,0,0,0,0,24,24,0,28,28,0,0,33,0,0,0,0,0,0,0,0,59,41,0,0,0,0
2017-09-03,0,0,0,0,0,0,0,0,24,0,0,0,32,0,0,0,0,32,0,0,0,0,0,0,0,0,0,0,0,0,0,64,0,0,0,30,0,0,0,0,0,0,0,0,0,0,0,0,44,0,0,0,0,0,0,0,0,32,0,0,0,0,0,28,0,0,0,0,0,27,0,0,0,0,95,0,0,0,0,0,0,0,0,0,0,32,0,0,0,0,24,0,0,36,0,0,31,0,31,0,18,0,0,0,0,0,0,0,0,32,0,28,0,0,0,0,0,0,0,0,0,0,0,0,54,72,0,0,0,0
2017-09-10,0,0,47,0,0,0,0,0,23,0,0,0,32,0,0,0,0,65,0,0,0,0,0,22,0,0,0,0,0,0,0,32,0,0,0,60,0,0,0,0,0,35,0,0,0,0,0,0,44,0,0,0,0,0,0,0,0,32,0,0,0,0,0,27,0,0,0,0,0,26,0,0,0,0,0,0,0,0,0,0,0,0,0,0,0,64,0,0,0,0,0,0,0,24,0,0,31,0,31,0,0,0,0,0,0,0,0,0,23,35,0,41,28,0,0,32,0,0,0,0,0,0,0,0,38,24,0,0,0,0
2017-09-17,0,0,47,0,0,0,0,0,47,0,0,0,0,0,0,32,0,32,0,0,0,0,0,22,0,0,0,0,0,0,0,31,0,0,0,0,0,0,0,0,0,70,0,0,0,0,0,0,0,0,0,0,0,0,0,0,0,63,0,0,0,0,0,27,0,0,0,0,0,0,0,0,0,0,0,0,0,0,0,0,44,0,0,0,0,32,0,0,0,0,0,0,0,24,0,0,0,0,31,0,27,0,0,0,0,0,0,0,0,24,0,37,0,0,0,0,0,0,0,0,0,4,0,0,65,72,0,0,0,0
2017-09-24,0,0,47,0,0,0,0,0,35,0,0,0,31,0,0,0,0,32,0,0,0,0,0,44,0,0,0,0,0,0,0,42,0,0,0,30,0,0,0,0,0,35,0,0,0,0,0,0,0,0,0,0,0,0,0,0,0,31,0,0,0,0,0,0,0,0,0,0,0,39,0,0,0,0,0,0,0,0,0,0,0,0,0,0,0,32,0,0,0,0,0,0,0,31,0,0,0,0,0,0,18,0,0,0,0,0,0,0,0,23,0,27,28,0,0,32,0,0,0,0,0,4,0,0,32,24,0,0,0,0
2017-10-01,0,0,47,0,0,0,0,0,39,0,0,0,0,0,0,32,0,32,0,0,0,0,0,22,0,0,0,0,0,0,0,0,0,0,0,30,0,0,0,0,0,35,0,0,0,0,0,0,43,0,0,0,0,0,0,0,0,32,0,0,0,0,0,28,0,0,0,0,0,40,0,0,0,0,0,0,56,0,0,0,44,0,0,0,0,32,0,0,0,0,0,0,0,24,0,0,0,0,62,0,18,0,0,0,0,0,0,0,0,35,0,55,27,0,0,32,0,0,0,0,0,0,0,0,61,0,0,0,0,0
2017-10-08,0,0,47,0,0,0,0,0,23,0,0,0,0,0,0,32,0,32,0,0,0,0,0,0,0,0,0,0,0,0,0,32,0,0,0,0,0,0,0,0,0,35,0,0,0,0,0,0,0,0,0,0,0,0,0,0,0,32,0,0,0,0,0,41,0,0,0,0,0,26,0,0,0,0,0,0,0,0,0,0,44,0,0,0,0,0,0,0,0,0,0,0,0,39,0,0,31,0,31,0,17,0,0,0,0,0,0,0,0,71,0,28,0,0,0,0,0,0,0,0,0,4,0,0,72,24,0,0,0,0
2017-10-15,0,0,47,0,0,0,0,0,31,0,0,0,0,0,0,32,0,32,0,0,0,0,0,22,0,0,0,0,0,0,0,31,0,0,0,30,0,0,0,0,0,70,0,0,0,0,0,0,44,0,0,0,0,48,0,0,0,32,0,0,0,0,0,0,0,0,0,0,0,26,0,0,0,0,0,0,27,0,0,0,0,0,0,0,0,32,0,0,0,0,24,0,0,39,0,0,0,0,0,0,26,0,0,0,0,0,0,0,0,23,0,27,0,0,0,0,0,0,0,0,0,0,0,0,57,59,0,0,0,0
2017-10-22,0,0,0,0,0,0,0,0,23,0,0,0,0,0,0,0,0,0,0,0,0,0,0,22,0,0,0,0,0,0,0,31,0,0,0,30,0,0,0,0,0,34,0,0,0,0,0,0,43,0,0,0,0,0,0,0,0,47,0,0,0,0,0,27,0,0,0,0,0,26,0,0,0,0,0,0,54,0,0,0,43,0,0,0,0,0,0,0,0,0,0,0,0,0,0,0,0,0,30,0,17,0,0,0,0,0,0,0,0,23,0,36,0,0,0,32,0,0,0,0,0,0,0,0,60,39,0,0,0,0
2017-10-29,0,0,0,0,0,0,0,0,35,0,0,0,32,0,0,63,0,0,0,0,0,0,0,43,0,0,0,0,0,0,0,31,0,0,0,29,0,0,0,0,0,35,0,0,0,0,0,0,43,0,0,0,0,0,0,0,0,31,0,0,0,0,0,27,0,0,0,0,0,39,0,0,0,0,0,0,0,0,0,0,43,0,0,0,0,0,0,0,0,0,23,0,0,23,0,0,0,0,62,0,0,0,0,0,0,0,0,0,23,23,0,27,0,0,0,32,0,0,0,0,0,0,0,0,75,39,0,0,0,0
2017-11-05,0,0,45,0,0,0,0,0,0,0,0,0,0,0,0,31,0,31,0,0,0,0,0,0,0,0,0,0,0,0,0,40,0,0,0,29,0,0,0,0,0,34,0,0,0,0,0,0,42,0,0,0,0,0,0,0,0,30,0,0,0,0,0,0,0,0,0,0,0,38,0,0,0,0,45,0,27,0,0,0,42,0,0,0,0,30,0,0,0,0,0,0,0,0,0,0,30,0,0,0,34,0,0,0,0,0,0,0,23,30,0,53,40,0,0,31,0,0,0,0,0,0,0,0,50,31,0,0,0,0
2017-11-12,0,0,45,0,0,0,0,0,22,0,0,0,30,0,0,31,0,31,0,0,0,0,0,21,0,0,0,0,0,0,0,45,0,0,0,28,0,0,0,0,0,0,0,0,0,0,0,0,83,0,0,0,0,0,0,0,0,30,0,0,0,0,0,26,0,0,0,0,0,25,0,0,0,0,66,0,26,0,0,0,0,0,0,0,0,0,0,0,0,0,0,0,0,22,0,0,0,0,30,0,17,0,0,0,0,0,0,0,22,45,0,0,26,0,0,31,0,0,0,0,0,0,0,0,67,46,0,0,0,0
2017-11-19,0,0,0,0,0,0,0,0,23,0,0,0,0,0,0,0,0,31,0,0,0,0,0,21,0,0,0,35,0,0,0,30,0,0,0,43,0,0,0,0,0,0,0,0,0,0,0,0,0,0,0,0,0,0,0,0,0,30,0,0,0,0,0,26,0,0,0,0,0,26,0,0,0,0,0,0,0,0,0,0,0,0,0,0,0,31,0,0,0,0,0,0,0,30,0,0,30,0,30,0,17,0,0,0,0,0,0,0,0,23,0,0,40,0,0,31,0,0,0,0,0,0,0,0,66,23,0,0,0,0
2017-11-26,0,0,0,0,0,0,0,0,0,0,0,0,0,0,0,62,0,31,0,0,0,0,0,21,0,0,0,52,0,0,0,45,0,0,0,57,0,0,0,0,0,0,0,0,0,0,0,0,0,0,0,0,0,0,0,0,0,0,0,0,0,0,0,0,0,0,0,0,0,76,0,0,0,0,0,0,26,0,0,0,42,0,0,0,0,0,0,0,0,0,0,0,0,23,0,0,0,0,0,0,17,0,0,0,0,0,0,0,0,45,0,53,0,0,0,31,0,0,0,0,0,4,0,0,46,46,0,0,0,0
2017-12-03,0,0,0,0,0,0,0,0,23,0,0,0,0,0,0,0,0,0,0,0,0,0,0,21,0,0,0,35,0,0,0,30,0,0,0,0,0,0,0,0,0,34,0,0,0,0,0,0,0,0,0,0,0,0,0,0,0,46,0,0,0,0,0,0,0,0,0,0,0,25,0,0,0,0,0,0,53,0,0,0,42,0,0,0,0,0,0,0,0,0,0,0,0,23,0,0,0,0,30,0,0,0,0,0,0,0,0,0,0,23,0,35,0,0,0,0,0,0,0,0,0,4,0,0,44,69,0,0,0,0
2017-12-10,0,0,0,0,0,0,0,0,45,0,0,0,0,0,0,31,0,31,0,0,0,0,0,21,0,0,0,0,0,0,0,30,0,0,0,44,0,0,0,0,0,0,0,0,0,0,0,0,0,0,0,0,0,47,0,0,0,31,0,0,0,0,0,0,0,0,0,0,0,51,0,0,0,0,0,0,27,0,0,0,0,0,0,0,0,31,0,0,0,0,0,0,0,23,0,0,30,0,60,0,17,0,0,0,0,0,0,0,0,34,0,27,27,0,0,31,0,0,0,0,0,4,0,0,53,23,0,0,0,0
2017-12-17,0,0,47,0,0,0,0,0,23,0,0,0,0,0,0,0,0,32,0,0,0,0,0,22,0,0,0,73,0,0,0,63,0,0,0,30,0,0,0,0,0,35,0,0,0,0,0,0,44,0,0,0,0,0,0,0,0,32,0,0,0,0,0,27,0,0,0,0,0,26,0,0,0,0,0,0,28,0,0,0,0,0,0,0,0,48,0,0,0,0,24,0,0,71,0,0,0,0,31,0,53,0,0,0,0,0,0,0,0,0,0,0,0,0,0,32,0,0,0,0,0,0,0,0,61,60,0,0,0,0
2017-12-24,0,0,50,0,0,0,0,0,67,0,0,0,0,0,0,34,0,34,0,0,0,0,0,39,0,0,0,59,0,0,0,34,0,0,0,64,0,0,0,0,0,56,0,0,0,0,0,0,0,0,0,0,0,52,0,0,0,67,0,0,0,0,0,29,0,0,0,0,0,28,0,0,0,0,0,0,0,0,0,0,93,0,0,0,0,34,0,0,0,0,25,0,0,25,0,0,66,0,0,0,19,0,0,0,0,0,0,0,0,38,0,49,0,0,0,35,0,0,0,0,0,0,0,0,26,51,0,0,0,0
2017-12-31,0,0,47,0,0,0,0,0,35,0,0,0,64,0,0,32,0,32,0,0,0,0,0,33,0,0,0,74,0,0,0,32,0,0,0,0,0,0,0,0,0,35,0,0,0,0,0,0,44,0,0,0,0,49,0,0,0,96,0,0,0,0,0,28,0,0,0,0,0,27,0,0,0,0,47,0,0,0,0,0,66,0,0,0,0,0,0,0,0,0,0,0,0,24,0,0,31,0,0,0,0,0,0,0,0,0,0,0,24,0,0,56,28,0,0,32,0,0,0,0,0,0,0,0,63,72,0,0,0,0
2018-01-07,0,0,45,0,0,0,0,0,22,0,0,0,0,0,0,31,0,30,0,0,0,0,0,21,0,0,0,35,0,0,0,59,0,0,0,28,0,0,0,0,0,100,0,0,0,0,0,0,0,0,0,0,0,46,0,0,0,30,0,0,0,0,0,0,0,0,0,0,0,25,0,0,0,0,44,0,0,0,0,0,0,0,0,0,0,30,0,0,0,0,0,0,0,0,0,0,0,0,0,0,17,0,0,0,0,0,0,0,22,34,0,52,26,0,0,0,0,0,0,0,0,0,0,0,61,23,0,0,0,0
2018-01-14,0,0,44,0,0,0,0,0,22,0,0,0,29,0,0,30,0,0,0,0,0,0,0,0,0,0,0,34,0,0,0,29,0,0,0,0,0,0,0,0,0,0,0,0,0,0,0,0,40,0,0,0,0,0,0,0,0,45,0,0,0,0,0,26,0,0,0,0,0,50,0,0,0,0,44,0,0,0,0,0,41,0,0,0,0,30,0,0,0,0,0,0,0,22,0,0,29,0,0,0,17,0,0,0,0,0,0,0,0,44,0,51,0,0,0,30,0,0,0,0,0,0,0,0,57,45,0,0,0,0
2018-01-21,0,0,0,0,0,0,0,0,44,0,0,0,0,0,0,30,0,29,0,0,0,0,0,20,0,0,0,33,0,0,0,0,0,0,0,56,0,0,0,0,0,32,0,0,0,0,0,0,0,0,0,0,0,0,0,0,0,29,0,0,0,0,0,0,0,0,0,0,0,0,0,0,0,0,43,0,0,0,0,0,41,0,0,0,0,29,0,0,0,0,22,0,0,22,0,0,0,0,0,0,33,0,0,0,0,0,0,0,22,66,0,26,0,0,0,30,0,0,0,0,0,0,0,0,46,44,0,0,0,0
2018-01-28,0,0,43,0,0,0,0,0,65,0,0,0,0,0,0,0,0,0,0,0,0,0,0,20,0,0,0,0,0,0,0,29,0,0,0,0,0,0,0,0,0,33,0,0,0,0,0,0,41,0,0,0,0,0,0,0,0,29,0,0,0,0,0,25,0,0,0,0,0,24,0,0,0,0,0,0,52,0,0,0,41,0,0,0,0,29,0,0,0,0,0,0,0,22,0,0,48,0,0,0,16,0,0,0,0,0,0,0,0,22,0,34,26,0,0,30,0,0,0,0,0,0,0,0,66,22,0,0,0,0
2018-02-04,0,0,44,0,0,0,0,0,22,0,0,0,29,0,0,0,0,0,0,0,0,0,0,20,0,0,0,34,0,0,0,44,0,0,0,0,0,0,0,0,0,33,0,0,0,0,0,0,41,0,0,0,0,0,0,0,0,44,0,0,0,0,0,26,0,0,0,0,0,0,0,0,0,0,43,0,26,0,0,0,0,0,0,0,0,0,0,0,0,0,22,0,0,22,0,0,57,0,0,0,25,0,0,0,0,0,0,0,22,22,0,77,26,0,0,30,0,0,0,0,0,0,0,0,58,37,0,0,0,0
2018-02-11,0,0,0,0,0,0,0,0,22,0,0,0,0,0,0,30,0,0,0,0,0,0,0,31,0,0,0,0,0,0,0,30,0,0,0,28,0,0,0,0,0,0,0,0,0,0,0,0,41,0,0,0,0,0,0,0,0,30,0,0,0,0,0,0,0,0,0,0,0,41,0,0,0,0,44,0,0,0,0,0,41,0,0,0,0,0,0,0,0,0,0,0,0,22,0,0,0,0,0,0,49,0,0,0,0,0,0,0,0,22,0,52,26,0,0,30,0,0,0,0,0,4,0,0,50,0,0,0,0,0
2018-02-18,0,0,0,0,0,0,0,0,36,0,0,0,29,0,0,30,0,30,0,0,0,0,0,0,0,0,0,34,0,0,0,29,0,0,0,28,0,0,0,0,0,0,0,0,0,0,0,0,0,0,0,0,0,0,0,0,0,29,0,0,0,0,0,0,0,0,0,0,0,37,0,0,0,0,0,0,51,0,0,0,40,0,0,0,0,29,0,0,0,0,0,0,0,33,0,0,0,0,0,0,33,0,0,0,0,0,0,0,0,29,0,51,25,0,0,0,0,0,0,0,0,7,0,0,55,22,0,0,0,0
2018-02-25,0,0,43,0,0,0,0,0,22,0,0,0,29,0,0,29,0,30,0,0,0,0,0,20,0,0,0,34,0,0,0,29,0,0,0,28,0,0,0,0,0,48,0,0,0,0,0,0,40,0,0,0,0,44,0,0,0,29,0,0,0,0,0,38,0,0,0,0,0,24,0,0,0,0,0,0,26,0,0,0,40,0,0,0,0,29,0,0,0,0,0,0,0,22,0,0,0,0,0,0,49,0,0,0,0,0,0,0,22,43,0,25,25,0,0,30,0,0,0,0,0,0,0,0,58,22,0,0,0,0
2018-03-04,0,0,43,0,0,0,0,0,21,0,0,0,0,0,0,30,0,0,0,0,0,0,0,20,0,0,0,0,0,0,0,29,0,0,0,0,0,0,0,0,0,0,0,0,0,0,0,0,0,0,0,0,0,44,0,0,0,29,0,0,0,0,0,25,0,0,0,0,0,24,0,0,0,0,0,0,25,0,0,0,0,0,0,0,0,0,0,0,0,0,22,0,0,22,0,0,43,0,0,0,0,0,0,0,0,0,0,0,0,29,0,25,25,0,0,0,0,0,0,0,0,0,0,0,66,44,0,0,0,0
2018-03-11,0,0,43,0,0,0,0,0,22,0,0,0,0,0,0,0,0,0,0,0,0,0,0,0,0,0,0,0,0,0,0,29,0,0,0,28,0,0,0,0,0,32,0,0,0,0,0,0,0,0,0,0,0,0,0,0,0,29,0,0,0,0,0,0,0,0,0,0,0,32,0,0,0,0,0,0,25,0,0,0,41,0,0,0,0,0,0,0,0,0,0,0,0,22,0,0,28,0,29,0,16,0,0,0,0,0,0,0,22,22,0,25,38,0,0,0,0,0,0,0,0,4,0,0,76,44,0,0,0,0
2018-03-18,0,0,43,0,0,0,0,0,22,0,0,0,29,0,0,30,0,30,0,0,0,0,0,41,0,0,0,0,0,0,0,29,0,0,0,0,0,0,0,0,0,32,0,0,0,0,0,0,0,0,0,0,0,0,0,0,0,59,0,0,0,0,0,0,0,0,0,0,0,24,0,0,0,0,65,0,26,0,0,0,0,0,0,0,0,0,0,0,0,0,22,0,0,29,0,0,28,0,28,0,24,0,0,0,0,0,0,0,0,22,0,51,26,0,0,0,0,0,0,0,0,0,0,0,53,37,0,0,0,0
2018-03-25,0,0,45,0,0,0,0,0,44,0,0,0,0,0,0,0,0,31,0,0,0,0,0,42,0,0,0,0,0,0,0,30,0,0,0,0,0,0,0,0,0,0,0,0,0,0,0,0,0,0,0,0,0,47,0,0,0,41,0,0,0,0,0,0,0,0,0,0,0,0,0,0,0,0,45,0,27,0,0,0,63,0,0,0,0,0,0,0,0,0,0,0,0,34,0,0,0,0,0,0,17,0,0,0,0,0,0,0,0,23,0,27,27,0,0,31,0,0,0,0,0,0,0,0,48,31,0,0,0,0
2018-04-01,0,0,45,0,0,0,0,0,0,0,0,0,30,0,0,31,0,30,0,0,0,0,0,0,0,0,0,0,0,0,0,30,0,0,0,0,0,0,0,0,0,0,0,0,0,0,0,0,0,0,0,0,0,46,0,0,0,60,0,0,0,0,0,0,0,0,0,0,0,33,0,0,0,0,0,0,26,0,0,0,41,0,0,0,0,30,0,0,0,0,22,0,0,45,0,0,30,0,30,0,33,0,0,0,0,0,0,0,0,44,0,0,26,0,0,31,0,0,0,0,0,5,0,0,25,34,0,0,0,0
2018-04-08,0,0,0,0,0,0,0,0,22,0,0,0,0,0,0,0,0,30,0,0,0,0,0,41,0,0,0,0,0,0,0,29,0,0,0,28,0,0,0,0,0,0,0,0,0,0,0,0,41,0,0,0,0,0,0,0,0,29,0,0,0,0,0,0,0,0,0,0,0,25,0,0,0,0,43,0,26,0,0,0,81,0,0,0,0,0,0,0,0,0,0,0,0,44,0,0,58,0,0,0,33,0,0,0,0,0,0,0,22,22,0,26,26,0,0,30,0,0,0,0,0,0,0,0,59,59,0,0,0,0
2018-04-15,0,0,0,0,0,0,0,0,33,0,0,0,0,0,0,30,0,0,0,0,0,0,0,20,0,0,0,0,0,0,0,59,0,0,0,28,0,0,0,0,0,33,0,0,0,0,0,0,0,0,0,0,0,0,0,0,0,88,0,0,0,0,0,39,0,0,0,0,0,25,0,0,0,0,0,0,0,0,0,0,41,0,0,0,0,0,0,0,0,0,0,0,0,0,0,0,29,0,29,0,16,0,0,0,0,0,0,0,0,44,0,26,0,0,0,30,0,0,0,0,0,0,0,0,39,44,0,0,0,0
2018-04-22,0,0,0,0,0,0,0,0,86,0,0,0,29,0,0,30,0,0,0,0,0,0,0,21,0,0,0,0,0,0,0,29,0,0,0,37,0,0,0,0,0,0,0,0,0,0,0,0,41,0,0,0,0,45,0,0,0,30,0,0,0,0,0,26,0,0,0,0,0,0,0,0,0,0,0,0,26,0,0,0,40,0,0,0,0,59,0,0,0,0,0,0,0,22,0,0,29,0,29,0,0,0,0,0,0,0,0,0,22,66,0,26,25,0,0,30,0,0,0,0,0,0,0,0,50,52,0,0,0,0
2018-04-29,0,0,0,0,0,0,0,0,0,0,0,0,30,0,0,31,0,0,0,0,0,0,0,0,0,0,0,0,0,0,0,45,0,0,0,29,0,0,0,0,0,34,0,0,0,0,0,0,0,0,0,0,0,0,0,0,0,60,0,0,0,0,0,26,0,0,0,0,0,25,0,0,0,0,0,0,26,0,0,0,42,0,0,0,0,0,0,0,0,0,0,0,0,22,0,0,39,0,29,0,17,0,0,0,0,0,0,0,0,45,0,0,0,0,0,31,0,0,0,0,0,0,0,0,56,23,0,0,0,0
2018-05-06,0,0,44,0,0,0,0,0,44,0,0,0,0,0,0,60,0,30,0,0,0,0,0,41,0,0,0,0,0,0,0,0,0,0,0,28,0,0,0,0,0,0,0,0,0,0,0,0,41,0,0,0,0,0,0,0,0,0,0,0,0,0,0,52,0,0,0,0,0,0,0,0,0,0,44,0,26,0,0,0,41,0,0,0,0,0,0,0,0,0,0,0,0,22,0,0,0,0,29,0,17,0,0,0,0,0,0,0,0,30,0,26,26,0,0,0,0,0,0,0,0,0,0,0,34,45,0,0,0,0
2018-05-13,0,0,0,0,0,0,0,0,22,0,0,0,30,0,0,0,0,0,0,0,0,0,0,21,0,0,0,0,0,0,0,30,0,0,0,56,0,0,0,0,0,0,0,0,0,0,0,0,41,0,0,0,0,0,0,0,0,30,0,0,0,0,0,26,0,0,0,0,0,37,0,0,0,0,0,0,26,0,0,0,41,0,0,0,0,40,0,0,0,0,22,0,0,22,0,0,0,0,29,0,25,0,0,0,0,0,0,0,0,22,0,26,0,0,0,0,0,0,0,0,0,0,0,0,50,33,0,0,0,0
2018-05-20,0,0,0,0,0,0,0,0,33,0,0,0,0,0,0,0,0,31,0,0,0,0,0,0,0,0,0,0,0,0,0,60,0,0,0,29,0,0,0,0,0,33,0,0,0,0,0,0,41,0,0,0,0,0,0,0,0,0,0,0,0,0,0,0,0,0,0,0,0,25,0,0,0,0,0,0,26,0,0,0,0,0,0,0,0,30,0,0,0,0,22,0,0,22,0,0,29,0,29,0,25,0,0,0,0,0,0,0,22,34,0,52,26,0,0,62,0,0,0,0,0,7,0,0,49,23,0,0,0,0
2018-05-27,0,0,44,0,0,0,0,0,0,0,0,0,0,0,0,30,0,30,0,0,0,0,0,21,0,0,0,0,0,0,0,30,0,0,0,28,0,0,0,0,0,0,0,0,0,0,0,0,83,0,0,0,0,46,0,0,0,30,0,0,0,0,0,39,0,0,0,0,0,25,0,0,0,0,0,0,0,0,0,0,41,0,0,0,0,30,0,0,0,0,22,0,0,22,0,0,0,0,0,0,17,0,0,0,0,0,0,0,0,34,0,26,26,0,0,30,0,0,0,0,0,4,0,0,58,23,0,0,0,0
2018-06-03,0,0,44,0,0,0,0,0,22,0,0,0,30,0,0,0,0,30,0,0,0,0,0,20,0,0,0,0,0,0,0,29,0,0,0,56,0,0,0,0,0,33,0,0,0,0,0,0,0,0,0,0,0,0,0,0,0,59,0,0,0,0,0,34,0,0,0,0,0,33,0,0,0,0,44,0,26,0,0,0,0,0,0,0,0,0,0,0,0,0,0,0,0,22,0,0,29,0,0,0,33,0,0,0,0,0,0,0,22,44,0,26,26,0,0,30,0,0,0,0,0,0,0,0,50,52,0,0,0,0
2018-06-10,0,0,43,0,0,0,0,0,21,0,0,0,0,0,0,0,0,30,0,0,0,0,0,20,0,0,0,0,0,0,0,29,0,0,0,37,0,0,0,0,0,32,0,0,0,0,0,0,0,0,0,0,0,44,0,0,0,29,0,0,0,0,0,25,0,0,0,0,0,96,0,0,0,0,0,0,0,0,0,0,40,0,0,0,0,58,0,0,0,0,0,0,0,43,0,0,28,0,28,0,16,0,0,0,0,0,0,0,21,36,0,25,25,0,0,30,0,0,0,0,0,0,0,0,49,33,0,0,0,0
2018-06-17,0,0,44,0,0,0,0,0,22,0,0,0,30,0,0,30,0,45,0,0,0,0,0,31,0,0,0,0,0,0,0,59,0,0,0,28,0,0,0,0,0,0,0,0,0,0,0,0,41,0,0,0,0,0,0,0,0,44,0,0,0,0,0,26,0,0,0,0,0,37,0,0,0,0,44,0,39,0,0,0,0,0,0,0,0,30,0,0,0,0,0,0,0,22,0,0,0,0,0,0,16,0,0,0,0,0,0,0,0,29,0,0,26,0,0,60,0,0,0,0,0,0,0,0,48,33,0,0,0,0
2018-06-24,0,0,44,0,0,0,0,0,22,0,0,0,30,0,0,0,0,0,0,0,0,0,0,27,0,0,0,0,0,0,0,0,0,0,0,28,0,0,0,0,0,0,0,0,0,0,0,0,41,0,0,0,0,0,0,0,0,30,0,0,0,0,0,26,0,0,0,0,0,25,0,0,0,0,44,0,26,0,0,0,41,0,0,0,0,30,0,0,0,0,0,0,0,0,0,0,0,0,0,0,16,0,0,0,0,0,0,0,22,22,0,26,51,0,0,30,0,0,0,0,0,7,0,0,39,22,0,0,0,0
2018-07-01,0,0,44,0,0,0,0,0,44,0,0,0,0,0,0,30,0,0,0,0,0,0,0,21,0,0,0,0,0,0,0,59,0,0,0,28,0,0,0,0,0,66,0,0,0,0,0,0,0,0,0,0,0,45,0,0,0,0,0,0,0,0,0,38,0,0,0,0,0,25,0,0,0,0,44,0,0,0,0,0,40,0,0,0,0,0,0,0,0,0,0,0,0,22,0,0,29,0,43,0,41,0,0,0,0,0,0,0,0,29,0,0,52,0,0,0,0,0,0,0,0,0,0,0,36,22,0,0,0,0
2018-07-08,0,0,0,0,0,0,0,0,22,0,0,0,0,0,0,30,0,0,0,0,0,0,0,27,0,0,0,0,0,0,0,29,0,0,0,28,0,0,0,0,0,0,0,0,0,0,0,0,0,0,0,0,0,0,0,0,0,29,0,0,0,0,0,25,0,0,0,0,0,41,0,0,0,0,0,0,26,0,0,0,81,0,0,0,0,29,0,0,0,0,22,0,0,22,0,0,43,0,29,0,0,0,0,0,0,0,0,0,0,22,0,26,25,0,0,30,0,0,0,0,0,0,0,0,37,22,0,0,0,0
2018-07-15,0,0,45,0,0,0,0,0,56,0,0,0,30,0,0,0,0,0,0,0,0,0,0,21,0,0,0,0,0,0,0,30,0,0,0,29,0,0,0,0,0,33,0,0,0,0,0,0,0,0,0,0,0,0,0,0,0,60,0,0,0,0,0,26,0,0,0,0,0,50,0,0,0,0,45,0,0,0,0,0,42,0,0,0,0,30,0,0,0,0,23,0,0,23,0,0,30,0,44,0,17,0,0,0,0,0,0,0,0,23,0,39,0,0,0,0,0,0,0,0,0,0,0,0,46,61,0,0,0,0
2018-07-22,0,0,44,0,0,0,0,0,22,0,0,0,30,0,0,46,0,31,0,0,0,0,0,41,0,0,0,0,0,0,0,59,0,0,0,57,0,0,0,0,0,0,0,0,0,0,0,0,41,0,0,0,0,92,0,0,0,60,0,0,0,0,0,26,0,0,0,0,0,33,0,0,0,0,0,0,26,0,0,0,41,0,0,0,0,30,0,0,0,0,0,0,0,34,0,0,0,0,29,0,17,0,0,0,0,0,0,0,0,22,0,78,26,0,0,0,0,0,0,0,0,0,0,0,56,56,0,0,0,0
2018-07-29,0,0,0,0,0,0,0,0,55,0,0,0,0,0,0,30,0,30,0,0,0,0,0,21,0,0,0,0,0,0,0,29,0,0,0,28,0,0,0,0,0,33,0,0,0,0,0,0,82,0,0,0,0,45,0,0,0,0,0,0,0,0,0,26,0,0,0,0,0,0,0,0,0,0,44,0,26,0,0,0,41,0,0,0,0,30,0,0,0,0,22,0,0,22,0,0,29,0,29,0,16,0,0,0,0,0,0,0,0,66,0,26,26,0,0,30,0,0,0,0,0,7,0,0,54,33,0,0,0,0
2018-08-05,0,0,44,0,0,0,0,0,22,0,0,0,0,0,0,30,0,0,0,0,0,0,0,0,0,0,0,0,0,0,0,29,0,0,0,0,0,0,0,0,0,0,0,0,0,0,0,0,41,0,0,0,0,0,0,0,0,29,0,0,0,0,0,25,0,0,0,0,0,49,0,0,0,0,0,0,26,0,0,0,40,0,0,0,0,44,0,0,0,0,0,0,0,43,0,0,28,0,29,0,33,0,0,0,0,0,0,0,0,33,0,26,26,0,0,0,0,0,0,0,0,4,0,0,47,33,0,0,0,0
2018-08-12,0,0,44,0,0,0,0,0,29,0,0,0,0,0,0,0,0,30,0,0,0,0,0,41,0,0,0,0,0,0,0,29,0,0,0,28,0,0,0,0,0,33,0,0,0,0,0,0,82,0,0,0,0,45,0,0,0,44,0,0,0,0,0,25,0,0,0,0,0,37,0,0,0,0,0,0,0,0,0,0,0,0,0,0,0,30,0,0,0,0,22,0,0,44,0,0,29,0,0,0,33,0,0,0,0,0,0,0,22,22,0,0,0,0,0,0,0,0,0,0,0,0,0,0,48,89,0,0,0,0
2018-08-19,0,0,0,0,0,0,0,0,22,0,0,0,30,0,0,0,0,62,0,0,0,0,0,21,0,0,0,0,0,0,0,60,0,0,0,86,0,0,0,0,0,67,0,0,0,0,0,0,42,0,0,0,0,46,0,0,0,45,0,0,0,0,0,26,0,0,0,0,0,75,0,0,0,0,0,0,26,0,0,0,0,0,0,0,0,45,0,0,0,0,0,0,0,0,0,0,30,0,30,0,0,0,0,0,0,0,0,0,0,90,0,26,53,0,0,92,0,0,0,0,0,0,0,0,27,30,0,0,0,0
2018-08-26,0,0,0,0,0,0,0,0,0,0,0,0,0,0,0,0,0,30,0,0,0,0,0,0,0,0,0,0,0,0,0,29,0,0,0,28,0,0,0,0,0,0,0,0,0,0,0,0,0,0,0,0,0,0,0,0,0,0,0,0,0,0,0,0,0,0,0,0,0,24,0,0,0,0,0,0,26,0,0,0,0,0,0,0,0,44,0,0,0,0,33,0,0,22,0,0,0,0,29,0,24,0,0,0,0,0,0,0,44,22,0,34,0,0,0,0,0,0,0,0,0,0,0,0,57,22,0,0,0,0
2018-09-02,0,0,0,0,0,0,0,0,22,0,0,0,0,0,0,0,0,0,0,0,0,0,0,20,0,0,0,0,0,0,0,43,0,0,0,27,0,0,0,0,0,0,0,0,0,0,0,0,0,0,0,0,0,67,0,0,0,58,0,0,0,0,0,25,0,0,0,0,0,48,0,0,0,0,0,0,0,0,0,0,0,0,0,0,0,29,0,0,0,0,0,0,0,0,0,0,29,0,28,0,16,0,0,0,0,0,0,0,0,22,0,25,25,0,0,0,0,0,0,0,0,3,0,0,54,29,0,0,0,0
2018-09-09,0,0,0,0,0,0,0,0,21,0,0,0,0,0,0,29,0,29,0,0,0,0,0,100,0,0,0,0,0,0,0,0,0,0,0,27,0,0,0,0,0,32,0,0,0,0,0,0,0,0,0,0,0,0,0,0,0,38,0,0,0,0,0,25,0,0,0,0,0,24,0,0,0,0,0,0,0,0,0,0,60,0,0,0,0,29,0,0,0,0,21,0,0,22,0,0,28,0,28,0,0,0,0,0,0,0,0,0,22,54,0,38,25,0,0,29,0,0,0,0,0,0,0,0,47,22,0,0,0,0
2018-09-16,0,0,43,0,0,0,0,0,32,0,0,0,29,0,0,0,0,29,0,0,0,0,0,40,0,0,0,0,0,0,0,58,0,0,0,41,0,0,0,0,0,32,0,0,0,0,0,0,40,0,0,0,0,0,0,0,0,29,0,0,0,0,0,25,0,0,0,0,0,24,0,0,0,0,0,0,0,0,0,0,80,0,0,0,0,29,0,0,0,0,0,0,0,22,0,0,0,0,0,0,32,0,0,0,0,0,0,0,0,21,0,51,0,0,0,0,0,0,0,0,0,3,0,0,38,29,0,0,0,0
2018-09-23,0,0,43,0,0,0,0,0,21,0,0,0,0,0,0,0,0,58,0,0,0,0,0,30,0,0,0,0,0,0,0,29,0,0,0,27,0,0,0,0,0,32,0,0,0,0,0,0,40,0,0,0,0,0,0,0,0,43,0,0,0,0,0,0,0,0,0,0,0,36,0,0,0,0,0,0,25,0,0,0,40,0,0,0,0,0,0,0,0,0,0,0,0,21,0,0,28,0,0,0,32,0,0,0,0,0,0,0,0,21,0,25,0,0,0,0,0,0,0,0,0,0,0,0,42,29,0,0,0,0
2018-09-30,0,0,0,0,0,0,0,0,21,0,0,0,0,0,0,29,0,0,0,0,0,0,0,27,0,0,0,0,0,0,0,0,0,0,0,0,0,0,0,0,0,0,0,0,0,0,0,0,40,0,0,0,0,0,0,0,0,58,0,0,0,0,0,100,0,0,0,0,0,0,0,0,0,0,0,0,38,0,0,0,0,0,0,0,0,0,0,0,0,0,0,0,0,22,0,0,28,0,28,0,16,0,0,0,0,0,0,0,0,43,0,50,25,0,0,30,0,0,0,0,0,0,0,0,58,33,0,0,0,0
2018-10-07,0,0,0,0,0,0,0,0,29,0,0,0,59,0,0,30,0,0,0,0,0,0,0,20,0,0,0,0,0,0,0,29,0,0,0,27,0,0,0,0,0,0,0,0,0,0,0,0,40,0,0,0,0,44,0,0,0,29,0,0,0,0,0,0,0,0,0,0,0,60,0,0,0,0,43,0,51,0,0,0,0,0,0,0,0,0,0,0,0,0,0,0,0,86,0,0,57,0,0,0,16,0,0,0,0,0,0,0,22,0,0,51,51,0,0,0,0,0,0,0,0,0,0,0,35,51,0,0,0,0
2018-10-14,0,0,0,0,0,0,0,0,29,0,0,0,0,0,0,30,0,0,0,0,0,0,0,41,0,0,0,34,0,0,0,29,0,0,0,28,0,0,0,0,0,0,0,0,0,0,0,0,40,0,0,0,0,0,0,0,0,29,0,0,0,0,0,0,0,0,0,0,0,49,0,0,0,0,0,0,0,0,0,0,0,0,0,0,0,0,0,0,0,0,0,0,0,22,0,0,28,0,0,0,16,0,0,0,0,0,0,0,22,44,0,0,25,0,0,60,0,0,0,0,0,7,0,0,46,37,0,0,0,0
2018-10-21,0,0,0,0,0,0,0,0,21,0,0,0,0,0,0,0,0,0,0,0,0,0,0,40,0,0,0,0,0,0,0,43,0,0,0,27,0,0,0,0,0,0,0,0,0,0,0,0,40,0,0,0,0,0,0,0,0,58,0,0,0,0,0,0,0,0,0,0,0,32,0,0,0,0,85,0,0,0,0,0,80,0,0,0,0,29,0,0,0,0,0,0,0,22,0,0,28,0,28,0,16,0,0,0,0,0,0,0,0,32,0,51,25,0,0,0,0,0,0,0,0,0,0,0,40,44,0,0,0,0
2018-10-28,0,0,44,0,0,0,0,0,22,0,0,0,0,0,0,30,0,30,0,0,0,0,0,41,0,0,0,0,0,0,0,29,0,0,0,28,0,0,0,0,0,33,0,0,0,0,0,0,0,0,0,0,0,45,0,0,0,29,0,0,0,0,0,0,0,0,0,0,0,24,0,0,0,0,65,0,0,0,0,0,40,0,0,0,0,29,0,0,0,0,0,0,0,33,0,0,29,0,57,0,16,0,0,0,0,0,0,0,0,22,0,26,0,0,0,60,0,0,0,0,0,0,0,0,30,29,0,0,0,0
2018-11-04,0,0,42,0,0,0,0,0,21,0,0,0,29,0,0,29,0,0,0,0,0,0,0,20,0,0,0,0,0,0,0,57,0,0,0,27,0,0,0,0,0,32,0,0,0,0,0,0,39,0,0,0,0,44,0,0,0,43,0,0,0,0,0,25,0,0,0,0,0,48,0,0,0,0,42,0,25,0,0,0,39,0,0,0,0,0,0,0,0,0,0,0,0,21,0,0,28,0,0,0,24,0,0,0,0,0,0,0,21,32,0,0,25,0,0,0,0,0,0,0,0,0,0,0,47,32,0,0,0,0
2018-11-11,0,0,0,0,0,0,0,0,0,0,0,0,0,0,0,59,0,29,0,0,0,0,0,20,0,0,0,34,0,0,0,29,0,0,0,69,0,0,0,0,0,32,0,0,0,0,0,0,40,0,0,0,0,45,0,0,0,0,0,0,0,0,0,0,0,0,0,0,0,40,0,0,0,0,64,0,0,0,0,0,0,0,0,0,0,29,0,0,0,0,22,0,0,22,0,0,28,0,0,0,65,0,0,0,0,0,0,0,21,22,0,25,25,0,0,29,0,0,0,0,0,0,0,0,30,33,0,0,0,0
2018-11-18,0,0,0,0,0,0,0,0,22,0,0,0,0,0,0,0,0,30,0,0,0,0,0,20,0,0,0,0,0,0,0,29,0,0,0,0,0,0,0,0,0,32,0,0,0,0,0,0,40,0,0,0,0,0,0,0,0,29,0,0,0,0,0,25,0,0,0,0,0,24,0,0,0,0,43,0,25,0,0,0,0,0,0,0,0,87,0,0,0,0,0,0,0,22,0,0,28,0,0,0,16,0,0,0,0,0,0,0,22,0,0,26,0,0,0,30,0,0,0,0,0,0,0,0,32,37,0,0,0,0
2018-11-25,0,0,42,0,0,0,0,0,21,0,0,0,0,0,0,29,0,29,0,0,0,0,0,29,0,0,0,33,0,0,0,28,0,0,0,27,0,0,0,0,0,32,0,0,0,0,0,0,39,0,0,0,0,0,0,0,0,28,0,0,0,0,0,49,0,0,0,0,0,35,0,0,0,0,0,0,100,0,0,0,0,0,0,0,0,28,0,0,0,0,0,0,0,42,0,0,0,0,0,0,24,0,0,0,0,0,0,0,21,28,0,25,0,0,0,29,0,0,0,0,0,0,0,0,48,43,0,0,0,0
2018-12-02,0,0,0,0,0,0,0,0,21,0,0,0,29,0,0,0,0,29,0,0,0,0,0,40,0,0,0,33,0,0,0,29,0,0,0,27,0,0,0,0,0,0,0,0,0,0,0,0,0,0,0,0,0,0,0,0,0,43,0,0,0,0,0,37,0,0,0,0,0,24,0,0,0,0,0,0,25,0,0,0,0,0,0,0,0,29,0,0,0,0,22,0,0,0,0,0,0,0,0,0,24,0,0,0,0,0,0,0,0,22,0,25,25,0,0,29,0,0,0,0,0,0,0,0,58,22,0,0,0,0
2018-12-09,0,0,65,0,0,0,0,0,32,0,0,0,29,0,0,0,0,30,0,0,0,0,0,40,0,0,0,34,0,0,0,39,0,0,0,28,0,0,0,0,0,0,0,0,0,0,0,0,0,0,0,0,0,89,0,0,0,29,0,0,0,0,0,25,0,0,0,0,0,24,0,0,0,0,0,0,51,0,0,0,0,0,0,0,0,29,0,0,0,0,0,0,0,22,0,0,29,0,0,0,32,0,0,0,0,0,0,0,0,0,0,0,25,0,0,40,0,0,0,0,0,0,0,0,44,44,0,0,0,0
2018-12-16,0,0,0,0,0,0,0,0,30,0,0,0,0,0,0,0,0,0,0,0,0,0,0,21,0,0,0,35,0,0,0,60,0,0,0,0,0,0,0,0,0,33,0,0,0,0,0,0,41,0,0,0,0,0,0,0,0,60,0,0,0,0,0,26,0,0,0,0,0,25,0,0,0,0,88,0,26,0,0,0,42,0,0,0,0,30,0,0,0,0,0,0,0,0,0,0,30,0,0,0,17,0,0,0,0,0,0,0,0,22,0,26,0,0,0,31,0,0,0,0,0,7,0,0,44,45,0,0,0,0
2018-12-23,0,0,48,0,0,0,0,0,72,0,0,0,66,0,0,0,0,0,0,0,0,0,0,0,0,0,0,75,0,0,0,32,0,0,0,0,0,0,0,0,0,36,0,0,0,0,0,0,0,0,0,0,0,50,0,0,0,32,0,0,0,0,0,28,0,0,0,0,0,36,0,0,0,0,0,0,0,0,0,0,45,0,0,0,0,0,0,0,0,0,0,0,0,24,0,0,0,0,32,0,18,0,0,0,0,0,0,0,0,24,0,28,0,0,0,50,0,0,0,0,0,4,0,0,37,25,0,0,0,0
2018-12-30,0,0,46,0,0,0,0,0,84,0,0,0,47,0,0,32,0,32,0,0,0,0,0,22,0,0,0,96,0,0,0,31,0,0,0,29,0,0,0,0,0,35,0,0,0,0,0,0,43,0,0,0,0,0,0,0,0,0,0,0,0,0,0,27,0,0,0,0,0,35,0,0,0,0,46,0,27,0,0,0,43,0,0,0,0,0,0,0,0,0,23,0,0,23,0,0,61,0,31,0,26,0,0,0,0,0,0,0,0,46,0,82,0,0,0,0,0,0,0,0,0,8,0,0,55,55,0,0,0,0
2019-01-06,0,0,0,0,0,0,0,0,22,0,0,0,29,0,0,89,0,30,0,0,0,0,0,40,0,0,0,56,0,0,0,29,0,0,0,41,0,0,0,0,0,32,0,0,0,0,0,0,0,0,0,0,0,89,0,0,0,44,0,0,0,0,0,0,0,0,0,0,0,97,0,0,0,0,43,0,25,0,0,0,0,0,0,0,0,29,0,0,0,0,0,0,0,33,0,0,29,0,28,0,16,0,0,0,0,0,0,0,0,65,0,34,25,0,0,60,0,0,0,0,0,4,0,0,40,22,0,0,0,0
2019-01-13,0,0,43,0,0,0,0,0,42,0,0,0,29,0,0,0,0,29,0,0,0,0,0,20,0,0,0,0,0,0,0,29,0,0,0,27,0,0,0,0,0,64,0,0,0,0,0,0,0,0,0,0,0,44,0,0,0,48,0,0,0,0,0,25,0,0,0,0,0,0,0,0,0,0,42,0,25,0,0,0,0,0,0,0,0,0,0,0,0,0,21,0,0,0,0,0,28,0,28,0,16,0,0,0,0,0,0,0,21,43,0,100,25,0,0,29,0,0,0,0,0,0,0,0,38,33,0,0,0,0
2019-01-20,0,0,42,0,0,0,0,0,35,0,0,0,28,0,0,0,0,0,0,0,0,0,0,19,0,0,0,0,0,0,0,28,0,0,0,35,0,0,0,0,0,0,0,0,0,0,0,0,38,0,0,0,0,0,0,0,0,28,0,0,0,0,0,49,0,0,0,0,0,23,0,0,0,0,41,0,0,0,0,0,0,0,0,0,0,0,0,0,0,0,0,0,0,21,0,0,27,0,0,0,0,0,0,0,0,0,0,0,0,31,0,37,25,0,0,28,0,0,0,0,0,0,0,0,61,42,0,0,0,0
2019-01-27,0,0,0,0,0,0,0,0,28,0,0,0,28,0,0,29,0,29,0,0,0,0,0,0,0,0,0,0,0,0,0,47,0,0,0,27,0,0,0,0,0,0,0,0,0,0,0,0,39,0,0,0,0,0,0,0,0,28,0,0,0,0,0,25,0,0,0,0,0,24,0,0,0,0,0,0,0,0,0,0,39,0,0,0,0,28,0,0,0,0,0,0,0,42,0,0,27,0,0,0,16,0,0,0,0,0,0,0,21,21,0,0,0,0,0,29,0,0,0,0,0,0,0,0,43,43,0,0,0,0
2019-02-03,0,0,0,0,0,0,0,0,21,0,0,0,0,0,0,29,0,29,0,0,0,0,0,20,0,0,0,0,0,0,0,28,0,0,0,0,0,0,0,0,0,31,0,0,0,0,0,0,0,0,0,0,0,86,0,0,0,0,0,0,0,0,0,37,0,0,0,0,0,24,0,0,0,0,41,0,25,0,0,0,39,0,0,0,0,0,0,0,0,0,42,0,0,21,0,0,37,0,27,0,24,0,0,0,0,0,0,0,0,21,0,25,49,0,0,0,0,0,0,0,0,5,0,0,51,21,0,0,0,0
2019-02-10,0,0,42,0,0,0,0,0,31,0,0,0,0,0,0,58,0,29,0,0,0,0,0,26,0,0,0,0,0,0,0,28,0,0,0,27,0,0,0,0,0,0,0,0,0,0,0,0,38,0,0,0,0,43,0,0,0,57,0,0,0,0,0,24,0,0,0,0,0,24,0,0,0,0,42,0,49,0,0,0,39,0,0,0,0,0,0,0,0,0,21,0,0,0,0,0,28,0,0,0,16,0,0,0,0,0,0,0,0,21,0,49,0,0,0,29,0,0,0,0,0,3,0,0,44,35,0,0,0,0
2019-02-17,0,0,42,0,0,0,0,0,21,0,0,0,0,0,0,43,0,0,0,0,0,0,0,0,0,0,0,0,0,0,0,56,0,0,0,27,0,0,0,0,0,31,0,0,0,0,0,0,0,0,0,0,0,86,0,0,0,47,0,0,0,0,0,74,0,0,0,0,0,23,0,0,0,0,42,0,24,0,0,0,39,0,0,0,0,28,0,0,0,0,0,0,0,21,0,0,27,0,27,0,16,0,0,0,0,0,0,0,0,32,0,41,0,0,0,0,0,0,0,0,0,0,0,0,41,21,0,0,0,0
2019-02-24,0,0,0,0,0,0,0,0,20,0,0,0,28,0,0,0,0,28,0,0,0,0,0,45,0,0,0,0,0,0,0,55,0,0,0,26,0,0,0,0,0,0,0,0,0,0,0,0,0,0,0,0,0,0,0,0,0,28,0,0,0,0,0,32,0,0,0,0,0,23,0,0,0,0,0,0,24,0,0,0,77,0,0,0,0,55,0,0,0,0,0,0,0,21,0,0,27,0,27,0,0,0,0,0,0,0,0,0,21,31,0,24,0,0,0,0,0,0,0,0,0,3,0,0,32,31,0,0,0,0
2019-03-03,0,0,42,0,0,0,0,0,42,0,0,0,29,0,0,29,0,0,0,0,0,0,0,20,0,0,0,0,0,0,0,71,0,0,0,27,0,0,0,0,0,32,0,0,0,0,0,0,0,0,0,0,0,43,0,0,0,47,0,0,0,0,0,25,0,0,0,0,0,71,0,0,0,0,42,0,25,0,0,0,39,0,0,0,0,0,0,0,0,0,0,0,0,42,0,0,0,0,0,0,16,0,0,0,0,0,0,0,0,28,0,25,0,0,0,0,0,0,0,0,0,0,0,0,60,21,0,0,0,0
2019-03-10,0,0,0,0,0,0,0,0,21,0,0,0,29,0,0,29,0,43,0,0,0,0,0,20,0,0,0,0,0,0,0,42,0,0,0,0,0,0,0,0,0,0,0,0,0,0,0,0,39,0,0,0,0,0,0,0,0,47,0,0,0,0,0,49,0,0,0,0,0,48,0,0,0,0,83,0,25,0,0,0,39,0,0,0,0,0,0,0,0,0,0,0,0,42,0,0,28,0,28,0,16,0,0,0,0,0,0,0,21,42,0,25,49,0,0,0,0,0,0,0,0,0,0,0,45,43,0,0,0,0
2019-03-17,0,0,0,0,0,0,0,0,35,0,0,0,0,0,0,0,0,0,0,0,0,0,0,0,0,0,0,0,0,0,0,28,0,0,0,27,0,0,0,0,0,0,0,0,0,0,0,0,39,0,0,0,0,0,0,0,0,43,0,0,0,0,0,49,0,0,0,0,0,48,0,0,0,0,0,0,25,0,0,0,59,0,0,0,0,57,0,0,0,0,21,0,0,0,0,0,28,0,28,0,32,0,0,0,0,0,0,0,21,32,0,0,50,0,0,0,0,0,0,0,0,3,0,0,45,22,0,0,0,0
2019-03-24,0,0,42,0,0,0,0,0,21,0,0,0,0,0,0,29,0,58,0,0,0,0,0,20,0,0,0,0,0,0,0,76,0,0,0,45,0,0,0,0,0,31,0,0,0,0,0,0,40,0,0,0,0,0,0,0,0,43,0,0,0,0,0,25,0,0,0,0,0,0,0,0,0,0,0,0,25,0,0,0,39,0,0,0,0,29,0,0,0,0,21,0,0,21,0,0,28,0,28,0,0,0,0,0,0,0,0,0,0,21,0,25,25,0,0,44,0,0,0,0,0,0,0,0,43,43,0,0,0,0
2019-03-31,0,0,0,0,0,0,0,0,85,0,0,0,29,0,0,0,0,29,0,0,0,0,0,40,0,0,0,0,0,0,0,38,0,0,0,27,0,0,0,0,0,0,0,0,0,0,0,0,40,0,0,0,0,44,0,0,0,58,0,0,0,0,0,0,0,0,0,0,0,24,0,0,0,0,42,0,38,0,0,0,40,0,0,0,0,29,0,0,0,0,21,0,0,22,0,0,28,0,42,0,32,0,0,0,0,0,0,0,22,86,0,75,25,0,0,44,0,0,0,0,0,0,0,0,40,36,0,0,0,0
2019-04-07,0,0,42,0,0,0,0,0,42,0,0,0,29,0,0,29,0,29,0,0,0,0,0,40,0,0,0,0,0,0,0,58,0,0,0,27,0,0,0,0,0,32,0,0,0,0,0,0,0,0,0,0,0,0,0,0,0,0,0,0,0,0,0,25,0,0,0,0,0,24,0,0,0,0,0,0,0,0,0,0,39,0,0,0,0,29,0,0,0,0,0,0,0,21,0,0,0,0,0,0,24,0,0,0,0,0,0,0,21,28,0,0,0,0,0,29,0,0,0,0,0,3,0,0,40,32,0,0,0,0
2019-04-14,0,0,44,0,0,0,0,0,55,0,0,0,30,0,0,30,0,0,0,0,0,0,0,0,0,0,0,0,0,0,0,30,0,0,0,0,0,0,0,0,0,33,0,0,0,0,0,0,41,0,0,0,0,46,0,0,0,45,0,0,0,0,0,26,0,0,0,0,0,25,0,0,0,0,0,0,26,0,0,0,41,0,0,0,0,0,0,0,0,0,22,0,0,22,0,0,0,0,29,0,0,0,0,0,0,0,0,0,22,56,0,26,52,0,0,0,0,0,0,0,0,4,0,0,32,34,0,0,0,0
2019-04-21,0,0,0,0,0,0,0,0,22,0,0,0,0,0,0,0,0,0,0,0,0,0,0,20,0,0,0,0,0,0,0,29,0,0,0,70,0,0,0,0,0,49,0,0,0,0,0,0,0,0,0,0,0,0,0,0,0,29,0,0,0,0,0,25,0,0,0,0,0,25,0,0,0,0,43,0,0,0,0,0,41,0,0,0,0,30,0,0,0,0,0,0,0,22,0,0,43,0,29,0,16,0,0,0,0,0,0,0,22,29,0,38,0,0,0,60,0,0,0,0,0,0,0,0,30,100,0,0,0,0
2019-04-28,0,0,0,0,0,0,0,0,21,0,0,0,29,0,0,29,0,29,0,0,0,0,0,20,0,0,0,33,0,0,0,29,0,0,0,54,0,0,0,0,0,65,0,0,0,0,0,0,40,0,0,0,0,0,0,0,0,58,0,0,0,0,0,25,0,0,0,0,0,24,0,0,0,0,43,0,51,0,0,0,79,0,0,0,0,29,0,0,0,0,0,0,0,22,0,0,42,0,28,0,32,0,0,0,0,0,0,0,0,29,0,38,0,0,0,0,0,0,0,0,0,5,0,0,40,44,0,0,0,0
2019-05-05,0,0,0,0,0,0,0,0,21,0,0,0,0,0,0,29,0,0,0,0,0,0,0,20,0,0,0,0,0,0,0,38,0,0,0,54,0,0,0,0,0,64,0,0,0,0,0,0,0,0,0,0,0,44,0,0,0,29,0,0,0,0,0,25,0,0,0,0,0,24,0,0,0,0,42,0,0,0,0,0,40,0,0,0,0,29,0,0,0,0,21,0,0,21,0,0,56,0,28,0,16,0,0,0,0,0,0,0,21,32,0,50,25,0,0,0,0,0,0,0,0,0,0,0,41,22,0,0,0,0
2019-05-12,0,0,0,0,0,0,0,0,21,0,0,0,29,0,0,0,0,29,0,0,0,0,0,20,0,0,0,0,0,0,0,87,0,0,0,0,0,0,0,0,0,32,0,0,0,0,0,0,0,0,0,0,0,44,0,0,0,48,0,0,0,0,0,25,0,0,0,0,0,32,0,0,0,0,0,0,25,0,0,0,40,0,0,0,0,0,0,0,0,0,21,0,0,32,0,0,28,0,28,0,64,0,0,0,0,0,0,0,0,64,0,25,25,0,0,58,0,0,0,0,0,0,0,0,47,32,0,0,0,0
2019-05-19,0,0,0,0,0,0,0,0,42,0,0,0,29,0,0,29,0,0,0,0,0,0,0,30,0,0,0,0,0,0,0,57,0,0,0,27,0,0,0,0,0,0,0,0,0,0,0,0,40,0,0,0,0,44,0,0,0,57,0,0,0,0,0,50,0,0,0,0,0,0,0,0,0,0,0,0,25,0,0,0,79,0,0,0,0,29,0,0,0,0,21,0,0,21,0,0,0,0,0,0,32,0,0,0,0,0,0,0,21,43,0,25,25,0,0,29,0,0,0,0,0,0,0,0,31,21,0,0,0,0
2019-05-26,0,0,0,0,0,0,0,0,28,0,0,0,0,0,0,29,0,29,0,0,0,0,0,0,0,0,0,0,0,0,0,99,0,0,0,0,0,0,0,0,0,95,0,0,0,0,0,0,39,0,0,0,0,0,0,0,0,57,0,0,0,0,0,25,0,0,0,0,0,47,0,0,0,0,83,0,62,0,0,0,79,0,0,0,0,28,0,0,0,0,21,0,0,21,0,0,28,0,55,0,24,0,0,0,0,0,0,0,21,35,0,25,25,0,0,29,0,0,0,0,0,3,0,0,19,29,0,0,0,0
2019-06-02,0,0,83,0,0,0,0,0,21,0,0,0,28,0,0,29,0,43,0,0,0,0,0,19,0,0,0,0,0,0,0,56,0,0,0,27,0,0,0,0,0,0,0,0,0,0,0,0,78,0,0,0,0,43,0,0,0,37,0,0,0,0,0,24,0,0,0,0,0,23,0,0,0,0,41,0,25,0,0,0,39,0,0,0,0,42,0,0,0,0,0,0,0,0,0,0,0,0,41,0,39,0,0,0,0,0,0,0,0,63,0,37,0,0,0,86,0,0,0,0,0,0,0,0,39,35,0,0,0,0
2019-06-09,0,0,0,0,0,0,0,0,41,0,0,0,0,0,0,28,0,0,0,0,0,0,0,19,0,0,0,0,0,0,0,28,0,0,0,27,0,0,0,0,0,0,0,0,0,0,0,0,0,0,0,0,0,0,0,0,0,56,0,0,0,0,0,24,0,0,0,0,0,23,0,0,0,0,0,0,49,0,0,0,39,0,0,0,0,28,0,0,0,0,0,0,0,21,0,0,0,0,0,0,0,0,0,0,0,0,0,0,0,63,0,41,0,0,0,28,0,0,0,0,0,0,0,0,20,21,0,0,0,0
2019-06-16,0,0,0,0,0,0,0,0,28,0,0,0,29,0,0,29,0,29,0,0,0,0,0,20,0,0,0,0,0,0,0,43,0,0,0,54,0,0,0,0,0,0,0,0,0,0,0,0,0,0,0,0,0,44,0,0,0,57,0,0,0,0,0,25,0,0,0,0,0,24,0,0,0,0,0,0,25,0,0,0,79,0,0,0,0,29,0,0,0,0,21,0,0,21,0,0,28,0,42,0,16,0,0,0,0,0,0,0,21,32,0,25,25,0,0,58,0,0,0,0,0,3,0,0,43,22,0,0,0,0
2019-06-23,0,0,0,0,0,0,0,0,42,0,0,0,0,0,0,29,0,29,0,0,0,0,0,20,0,0,0,0,0,0,0,0,0,0,0,0,0,0,0,0,0,0,0,0,0,0,0,0,0,0,0,0,0,43,0,0,0,43,0,0,0,0,0,24,0,0,0,0,0,24,0,0,0,0,41,0,0,0,0,0,0,0,0,0,0,28,0,0,0,0,21,0,0,42,0,0,0,0,0,0,32,0,0,0,0,0,0,0,0,49,0,49,37,0,0,29,0,0,0,0,0,0,0,0,38,43,0,0,0,0
2019-06-30,0,0,43,0,0,0,0,0,21,0,0,0,0,0,0,29,0,0,0,0,0,0,0,20,0,0,0,0,0,0,0,28,0,0,0,27,0,0,0,0,0,0,0,0,0,0,0,0,66,0,0,0,0,66,0,0,0,57,0,0,0,0,0,25,0,0,0,0,0,24,0,0,0,0,42,0,25,0,0,0,79,0,0,0,0,0,0,0,0,0,32,0,0,54,0,0,0,0,28,0,32,0,0,0,0,0,0,0,0,43,0,50,50,0,0,29,0,0,0,0,0,7,0,0,59,0,0,0,0,0
2019-07-07,0,0,42,0,0,0,0,0,32,0,0,0,0,0,0,29,0,0,0,0,0,0,0,33,0,0,0,0,0,0,0,57,0,0,0,0,0,0,0,0,0,32,0,0,0,0,0,0,40,0,0,0,0,0,0,0,0,43,0,0,0,0,0,25,0,0,0,0,0,71,0,0,0,0,0,0,50,0,0,0,39,0,0,0,0,29,0,0,0,0,0,0,0,36,0,0,0,0,28,0,16,0,0,0,0,0,0,0,0,42,0,25,0,0,0,29,0,0,0,0,0,0,0,0,34,64,0,0,0,0
2019-07-14,0,0,42,0,0,0,0,0,43,0,0,0,0,0,0,29,0,29,0,0,0,0,0,20,0,0,0,0,0,0,0,29,0,0,0,41,0,0,0,0,0,48,0,0,0,0,0,0,0,0,0,0,0,0,0,0,0,58,0,0,0,0,0,25,0,0,0,0,0,48,0,0,0,0,85,0,25,0,0,0,0,0,0,0,0,0,0,0,0,0,0,0,0,32,0,0,0,0,28,0,16,0,0,0,0,0,0,0,21,42,0,25,0,0,0,30,0,0,0,0,0,0,0,0,35,22,0,0,0,0
2019-07-21,0,0,0,0,0,0,0,0,22,0,0,0,30,0,0,30,0,30,0,0,0,0,0,41,0,0,0,0,0,0,0,44,0,0,0,0,0,0,0,0,0,33,0,0,0,0,0,0,81,0,0,0,0,45,0,0,0,29,0,0,0,0,0,25,0,0,0,0,0,49,0,0,0,0,0,0,26,0,0,0,41,0,0,0,0,39,0,0,0,0,0,0,0,0,0,0,29,0,29,0,0,0,0,0,0,0,0,0,0,44,0,26,0,0,0,60,0,0,0,0,0,0,0,0,49,67,0,0,0,0
2019-07-28,0,0,0,0,0,0,0,0,22,0,0,0,29,0,0,0,0,59,0,0,0,0,0,31,0,0,0,0,0,0,0,73,0,0,0,0,0,0,0,0,0,32,0,0,0,0,0,0,0,0,0,0,0,0,0,0,0,59,0,0,0,0,0,0,0,0,0,0,0,37,0,0,0,0,43,0,0,0,0,0,61,0,0,0,0,29,0,0,0,0,0,0,0,22,0,0,0,0,29,0,24,0,0,0,0,0,0,0,22,22,0,51,52,0,0,45,0,0,0,0,0,0,0,0,35,44,0,0,0,0
2019-08-04,0,0,0,0,0,0,0,0,22,0,0,0,44,0,0,0,0,30,0,0,0,0,0,20,0,0,0,0,0,0,0,44,0,0,0,46,0,0,0,0,0,0,0,0,0,0,0,0,41,0,0,0,0,45,0,0,0,49,0,0,0,0,0,26,0,0,0,0,0,37,0,0,0,0,0,0,25,0,0,0,41,0,0,0,0,29,0,0,0,0,0,0,0,0,0,0,43,0,72,0,33,0,0,0,0,0,0,0,22,22,0,60,0,0,0,30,0,0,0,0,0,4,0,0,37,52,0,0,0,0
2019-08-11,0,0,43,0,0,0,0,0,21,0,0,0,0,0,0,29,0,0,0,0,0,0,0,20,0,0,0,0,0,0,0,29,0,0,0,27,0,0,0,0,0,32,0,0,0,0,0,0,40,0,0,0,0,0,0,0,0,43,0,0,0,0,0,25,0,0,0,0,0,36,0,0,0,0,42,0,38,0,0,0,0,0,0,0,0,29,0,0,0,0,0,0,0,32,0,0,0,0,42,0,16,0,0,0,0,0,0,0,0,32,0,33,25,0,0,44,0,0,0,0,0,0,0,0,43,43,0,0,0,0
2019-08-18,0,0,0,0,0,0,0,0,32,0,0,0,0,0,0,87,0,58,0,0,0,0,0,20,0,0,0,0,0,0,0,42,0,0,0,0,0,0,0,0,0,64,0,0,0,0,0,0,78,0,0,0,0,0,0,0,0,57,0,0,0,0,0,25,0,0,0,0,0,71,0,0,0,0,0,0,25,0,0,0,39,0,0,0,0,28,0,0,0,0,21,0,0,21,0,0,42,0,28,0,47,0,0,0,0,0,0,0,0,42,0,25,0,0,0,43,0,0,0,0,0,0,0,0,76,29,0,0,0,0
2019-08-25,0,0,41,0,0,0,0,0,41,0,0,0,0,0,0,28,0,28,0,0,0,0,0,0,0,0,0,0,0,0,0,56,0,0,0,26,0,0,0,0,0,31,0,0,0,0,0,0,39,0,0,0,0,86,0,0,0,28,0,0,0,0,0,24,0,0,0,0,0,0,0,0,0,0,0,0,24,0,0,0,0,0,0,0,0,56,0,0,0,0,21,0,0,21,0,0,46,0,27,0,31,0,0,0,0,0,0,0,0,42,0,24,0,0,0,28,0,0,0,0,0,0,0,0,59,32,0,0,0,0
2019-09-01,0,0,0,0,0,0,0,0,34,0,0,0,0,0,0,28,0,28,0,0,0,0,0,19,0,0,0,0,0,0,0,27,0,0,0,51,0,0,0,0,0,61,0,0,0,0,0,0,38,0,0,0,0,42,0,0,0,37,0,0,0,0,0,24,0,0,0,0,0,46,0,0,0,0,0,0,0,0,0,0,0,0,0,0,0,37,0,0,0,0,0,0,0,62,0,0,0,0,54,0,38,0,0,0,0,0,0,0,20,21,0,24,0,0,0,0,0,0,0,0,0,3,0,0,36,52,0,0,0,0
2019-09-08,0,0,41,0,0,0,0,0,20,0,0,0,0,0,0,37,0,28,0,0,0,0,0,19,0,0,0,0,0,0,0,41,0,0,0,26,0,0,0,0,0,30,0,0,0,0,0,0,0,0,0,0,0,0,0,0,0,55,0,0,0,0,0,31,0,0,0,0,0,0,0,0,0,0,40,0,24,0,0,0,0,0,0,0,0,55,0,0,0,0,20,0,0,41,0,0,27,0,54,0,15,0,0,0,0,0,0,0,0,61,0,24,24,0,0,28,0,0,0,0,0,3,0,0,38,41,0,0,0,0
2019-09-15,0,0,81,0,0,0,0,0,40,0,0,0,0,0,0,28,0,28,0,0,0,0,0,31,0,0,0,0,0,0,0,27,0,0,0,34,0,0,0,0,0,0,0,0,0,0,0,0,0,0,0,0,0,41,0,0,0,54,0,0,0,0,0,24,0,0,0,0,0,23,0,0,0,0,0,0,36,0,0,0,0,0,0,0,0,27,0,0,0,0,20,0,0,0,0,0,0,0,27,0,23,0,0,0,0,0,0,0,0,30,0,48,24,0,0,0,0,0,0,0,0,3,0,0,31,51,0,0,0,0
2019-09-22,0,0,0,0,0,0,0,0,46,0,0,0,27,0,0,36,0,41,0,0,0,0,0,37,0,0,0,0,0,0,0,45,0,0,0,38,0,0,0,0,0,60,0,0,0,0,0,0,56,0,0,0,0,41,0,0,0,81,0,0,0,0,0,23,0,0,0,0,0,30,0,0,0,0,40,0,24,0,0,0,37,0,0,0,0,27,0,0,0,0,40,0,0,50,0,0,0,0,26,0,15,0,0,0,0,0,0,0,20,40,0,23,35,0,0,28,0,0,0,0,0,3,0,0,55,61,0,0,0,0
2019-09-29,0,0,0,0,0,0,0,0,61,0,0,0,55,0,0,0,0,0,0,0,0,0,0,37,0,0,0,0,0,0,0,41,0,0,0,26,0,0,0,0,0,30,0,0,0,0,0,0,37,0,0,0,0,41,0,0,0,55,0,0,0,0,0,23,0,0,0,0,0,30,0,0,0,0,40,0,24,0,0,0,0,0,0,0,0,27,0,0,0,0,0,0,0,20,0,0,27,0,26,0,30,0,0,0,0,0,0,0,0,67,0,23,0,0,0,0,0,0,0,0,0,3,0,0,52,20,0,0,0,0
2019-10-06,0,0,40,0,0,0,0,0,27,0,0,0,0,0,0,0,0,41,0,0,0,0,0,19,0,0,0,31,0,0,0,27,0,0,0,0,0,0,0,0,0,30,0,0,0,0,0,0,0,0,0,0,0,42,0,0,0,41,0,0,0,0,0,0,0,0,0,0,0,34,0,0,0,0,40,0,24,0,0,0,37,0,0,0,0,36,0,0,0,0,20,0,0,0,0,0,53,0,27,0,30,0,0,0,0,0,0,0,20,40,0,24,24,0,0,0,0,0,0,0,0,3,0,0,33,31,0,0,0,0
2019-10-13,0,0,40,0,0,0,0,0,30,0,0,0,41,0,0,28,0,27,0,0,0,0,0,0,0,0,0,0,0,0,0,36,0,0,0,0,0,0,0,0,0,59,0,0,0,0,0,0,0,0,0,0,0,41,0,0,0,27,0,0,0,0,0,23,0,0,0,0,0,22,0,0,0,0,39,0,35,0,0,0,37,0,0,0,0,27,0,0,0,0,0,0,0,20,0,0,26,0,27,0,30,0,0,0,0,0,0,0,20,27,0,24,24,0,0,28,0,0,0,0,0,3,0,0,24,20,0,0,0,0
2019-10-20,0,0,79,0,0,0,0,0,20,0,0,0,0,0,0,27,0,41,0,0,0,0,0,19,0,0,0,0,0,0,0,67,0,0,0,25,0,0,0,0,0,89,0,0,0,0,0,0,37,0,0,0,0,0,0,0,0,27,0,0,0,0,0,0,0,0,0,0,0,22,0,0,0,0,79,0,23,0,0,0,0,0,0,0,0,40,0,0,0,0,0,0,0,20,0,0,26,0,0,0,37,0,0,0,0,0,0,0,0,40,0,23,0,0,0,0,0,0,0,0,0,0,0,0,37,20,0,0,0,0
2019-10-27,0,0,0,0,0,0,0,0,30,0,0,0,27,0,0,0,0,27,0,0,0,0,0,19,0,0,0,0,0,0,0,27,0,0,0,25,0,0,0,0,0,45,0,0,0,0,0,0,74,0,0,0,0,0,0,0,0,27,0,0,0,0,0,23,0,0,0,0,0,0,0,0,0,0,40,0,0,0,0,0,0,0,0,0,0,27,0,0,0,0,0,0,0,20,0,0,26,0,26,0,0,0,0,0,0,0,0,0,0,20,0,0,23,0,0,45,0,0,0,0,0,0,0,0,34,20,0,0,0,0
2019-11-03,0,0,0,0,0,0,0,0,49,0,0,0,27,0,0,0,0,27,0,0,0,0,0,0,0,0,0,31,0,0,0,53,0,0,0,25,0,0,0,0,0,29,0,0,0,0,0,0,37,0,0,0,0,0,0,0,0,0,0,0,0,0,0,0,0,0,0,0,0,56,0,0,0,0,39,0,47,0,0,0,0,0,0,0,0,27,0,0,0,0,0,0,0,20,0,0,26,0,0,0,15,0,0,0,0,0,0,0,0,20,0,93,0,0,0,27,0,0,0,0,0,0,0,0,43,20,0,0,0,0
2019-11-10,0,0,0,0,0,0,0,0,0,0,0,0,0,0,0,53,0,0,0,0,0,0,0,24,0,0,0,30,0,0,0,61,0,0,0,0,0,0,0,0,0,0,0,0,0,0,0,0,36,0,0,0,0,0,0,0,0,52,0,0,0,0,0,68,0,0,0,0,0,22,0,0,0,0,77,0,34,0,0,0,73,0,0,0,0,0,0,0,0,0,0,0,0,20,0,0,26,0,51,0,22,0,0,0,0,0,0,0,19,39,0,46,23,0,0,27,0,0,0,0,0,3,0,0,59,39,0,0,0,0
2019-11-17,0,0,39,0,0,0,0,0,20,0,0,0,0,0,0,0,0,27,0,0,0,0,0,28,0,0,0,31,0,0,0,53,0,0,0,25,0,0,0,0,0,44,0,0,0,0,0,0,37,0,0,0,0,41,0,0,0,53,0,0,0,0,0,23,0,0,0,0,0,22,0,0,0,0,0,0,35,0,0,0,37,0,0,0,0,40,0,0,0,0,20,0,0,30,0,0,26,0,26,0,0,0,0,0,0,0,0,0,0,40,0,23,0,0,0,54,0,0,0,0,0,3,0,0,51,20,0,0,0,0
2019-11-24,0,0,0,0,0,0,0,0,29,0,0,0,0,0,0,36,0,27,0,0,0,0,0,36,0,0,0,0,0,0,0,26,0,0,0,0,0,0,0,0,0,44,0,0,0,0,0,0,36,0,0,0,0,80,0,0,0,26,0,0,0,0,0,34,0,0,0,0,0,0,0,0,0,0,38,0,23,0,0,0,0,0,0,0,0,53,0,0,0,0,20,0,0,20,0,0,26,0,26,0,15,0,0,0,0,0,0,0,0,19,0,23,0,0,0,27,0,0,0,0,0,0,0,0,41,50,0,0,0,0
2019-12-01,0,0,0,0,0,0,0,0,33,0,0,0,0,0,0,27,0,54,0,0,0,0,0,18,0,0,0,31,0,0,0,44,0,0,0,50,0,0,0,0,0,29,0,0,0,0,0,0,0,0,0,0,0,0,0,0,0,40,0,0,0,0,0,34,0,0,0,0,0,22,0,0,0,0,39,0,47,0,0,0,73,0,0,0,0,40,0,0,0,0,20,0,0,20,0,0,26,0,26,0,22,0,0,0,0,0,0,0,0,39,0,23,0,0,0,27,0,0,0,0,0,3,0,0,43,40,0,0,0,0
2019-12-08,0,0,40,0,0,0,0,0,20,0,0,0,27,0,0,27,0,27,0,0,0,0,0,19,0,0,0,46,0,0,0,40,0,0,0,25,0,0,0,0,0,45,0,0,0,0,0,0,0,0,0,0,0,41,0,0,0,54,0,0,0,0,0,46,0,0,0,0,0,22,0,0,0,0,0,0,24,0,0,0,0,0,0,0,0,27,0,0,0,0,0,0,0,30,0,0,52,0,0,0,15,0,0,0,0,0,0,0,0,20,0,47,47,0,0,27,0,0,0,0,0,0,0,0,29,30,0,0,0,0
2019-12-15,0,0,40,0,0,0,0,0,27,0,0,0,0,0,0,28,0,0,0,0,0,0,0,0,0,0,0,62,0,0,0,27,0,0,0,26,0,0,0,0,0,60,0,0,0,0,0,0,0,0,0,0,0,0,0,0,0,27,0,0,0,0,0,0,0,0,0,0,0,45,0,0,0,0,0,0,35,0,0,0,37,0,0,0,0,54,0,0,0,0,0,0,0,30,0,0,0,0,39,0,15,0,0,0,0,0,0,0,0,27,0,0,24,0,0,28,0,0,0,0,0,6,0,0,32,41,0,0,0,0
2019-12-22,0,0,44,0,0,0,0,0,43,0,0,0,0,0,0,0,0,30,0,0,0,0,0,41,0,0,0,51,0,0,0,59,0,0,0,28,0,0,0,0,0,65,0,0,0,0,0,0,0,0,0,0,0,0,0,0,0,59,0,0,0,0,0,0,0,0,0,0,0,24,0,0,0,0,0,0,26,0,0,0,40,0,0,0,0,0,0,0,0,0,22,0,0,0,0,0,43,0,0,0,25,0,0,0,0,0,0,0,22,22,0,26,0,0,0,0,0,0,0,0,0,0,0,0,37,22,0,0,0,0
2019-12-29,0,0,42,0,0,0,0,0,42,0,0,0,28,0,0,29,0,0,0,0,0,0,0,26,0,0,0,87,0,0,0,84,0,0,0,0,0,0,0,0,0,47,0,0,0,0,0,0,78,0,0,0,0,86,0,0,0,42,0,0,0,0,0,32,0,0,0,0,0,31,0,0,0,0,42,0,25,0,0,0,39,0,0,0,0,0,0,0,0,0,0,0,0,21,0,0,0,0,55,0,16,0,0,0,0,0,0,0,0,21,0,24,25,0,0,38,0,0,0,0,0,7,0,0,22,63,0,0,0,0
2020-01-05,0,0,78,0,0,0,0,0,39,0,0,0,26,0,0,0,0,27,0,0,0,0,0,27,0,0,0,70,0,0,0,52,0,0,0,25,0,0,0,0,0,29,0,0,0,0,0,0,0,0,0,0,0,39,0,0,0,39,0,0,0,0,0,34,0,0,0,0,0,22,0,0,0,0,38,0,69,0,0,0,72,0,0,0,0,26,0,0,0,0,19,0,0,19,0,0,25,0,26,0,22,0,0,0,0,0,0,0,0,19,0,45,0,0,0,27,0,0,0,0,0,0,0,0,38,20,0,0,0,0
2020-01-12,0,0,37,0,0,0,0,0,65,0,0,0,25,0,0,25,0,0,0,0,0,0,0,26,0,0,0,29,0,0,0,62,0,0,0,35,0,0,0,0,0,28,0,0,0,0,0,0,0,0,0,0,0,38,0,0,0,75,0,0,0,0,0,22,0,0,0,0,0,21,0,0,0,0,0,0,0,0,0,0,34,0,0,0,0,25,0,0,0,0,19,0,0,0,0,0,24,0,24,0,28,0,0,0,0,0,0,0,0,37,0,65,0,0,0,51,0,0,0,0,0,3,0,0,47,19,0,0,0,0
2020-01-19,0,0,0,0,0,0,0,0,45,0,0,0,0,0,0,62,0,0,0,0,0,0,0,0,0,0,0,0,0,0,0,0,0,0,0,57,0,0,0,0,0,67,0,0,0,0,0,0,0,0,0,0,0,0,0,0,0,60,0,0,0,0,0,0,0,0,0,0,0,100,0,0,0,0,89,0,79,0,0,0,0,0,0,0,0,0,0,0,0,0,45,0,0,45,0,0,88,0,0,0,100,0,0,0,0,0,0,0,0,0,0,0,0,0,0,0,0,0,0,0,0,7,0,0,47,0,0,0,0,0
